Project,Prospect,HoleType,HoleID,ProposedID,East,North,RL,CoordSys,SurveyType,SurveyEquip,Depth,Azi,Dip,StartedDate,CompletedDate,CoalLog,GeophDepth,GeophCond,GeophDate,BOX,BOP,DrillCo,RigNo,DrillMeth,Diameter,Line,HoleStatus,Remarks
KCP,TRK,Coring,DD20TRK001,P_MRTRK057,689335.98,1738388.647,216.981,WGS84_z48N,SURVEYED,OPTICAL,246,0,-90,1/14/2020,1/20/2020,Thick coal,229.99,Steel casing,1/20/2020,,,JADE,RIG-34,DD,PQ; HQ,AW,Completed,
KCP,TRK,Coring,DD20TRK002,P_MRTRK052,689618.36,1738105.281,208.228,WGS84_z48N,SURVEYED,OPTICAL,116,0,-90,1/17/2020,1/19/2020,Thick coal,114.99,Steel casing,1/19/2020,,,JADE,RIG-47,DD,PQ,AO,Completed,
KCP,TRK,Coring,DD20TRK003,P_MRTRK053,688620.835,1737391.4,205.383,WGS84_z48N,SURVEYED,OPTICAL,160,0,-90,1/18/2020,1/20/2020,Thin coal,159.99,Steel casing,1/21/2020,3,13.9,JADE,RIG-45,DD,PQ; HQ,AS,Completed,
KCP,TRK,Coring,DD20TRK004,P_MRTRK056,689033.842,1738119.808,218.094,WGS84_z48N,SURVEYED,OPTICAL,201.3,0,-90,1/19/2020,1/23/2020,Thin coal,201.29,Steel casing,1/23/2020,5.9,11.4,JADE,RIG-33,DD,PQ; HQ,AW,Completed,
KCP,TRK,Coring,DD20TRK005,P_MRTRK047,689895.042,1737822.083,188.244,WGS84_z48N,SURVEYED,OPTICAL,160,0,-90,1/19/2020,1/22/2020,Thick coal,159.99,Steel casing,1/22/2020,6,8,JADE,RIG-47,DD,PQ; HQ,AG,Completed,
KCP,TRK,Coring,DD20TRK006,P_MRTRK058,689050.933,1738675.818,212.623,WGS84_z48N,SURVEYED,OPTICAL,200,0,-90,1/21/2020,1/25/2020,Thick coal,199.99,Steel casing,1/25/2020,11.4,,JADE,RIG-34,DD,PQ; HQ,BE,Completed,
KCP,TRK,Coring,DD20TRK007,P_MRTRK036,690460.706,1737261.898,209.592,WGS84_z48N,SURVEYED,OPTICAL,133,0,-90,1/22/2020,1/24/2020,Thick coal,133,Steel casing,1/24/2020,7.7,,JADE,RIG-47,DD,PQ,Q,Completed,
KCP,TRK,Coring,DD20TRK008,P_MRTRK041,689896.394,1737266.355,224.278,WGS84_z48N,SURVEYED,OPTICAL,200,0,-90,1/23/2020,2/1/2020,Thick coal,199.99,Steel casing,2/1/2020,14,,JADE,RIG-33,DD,PQ; HQ,Y,Completed,
KCP,TRK,Coring,DD20TRK010,P_MRTRK031,691590.367,1737812.776,208.382,WGS84_z48N,SURVEYED,OPTICAL,219.1,0,-90,2/2/2020,2/13/2020,Thick coal,213.51,Steel casing,2/13/2020,16.5,,JADE,RIG-34,DD,PQ; HQ,I,Completed,
KCP,TRK,Coring,DD20TRK011,P_DDTRK169,689754.646,1737684.046,200.235,WGS84_z48N,SURVEYED,OPTICAL,300.1,45,-60,3/6/2020,3/14/2020,Thick coal,299.53,Steel casing,3/14/2020,5.1,5.9,JADE,RIG-33; RIG-34,DD,PQ; HQ,AG,Completed,
KCP,TRK,Coring,DD20TRK012,P_DDTRK181,689471.375,1737966.818,210.005,WGS84_z48N,SURVEYED,OPTICAL,255,45,-60,3/8/2020,3/14/2020,Thick coal,254.63,Steel casing,3/14/2020,4.5,10.7,JADE,RIG-47,DD,PQ; HQ,AO,Completed,
KCP,TRK,Coring,DD20TRK013,P_DDTRK177,689613.895,1737823.856,211.354,WGS84_z48N,SURVEYED,OPTICAL,259,45,-60,3/15/2020,3/20/2020,Thick coal,258.57,Steel casing,3/21/2020,1.7,18.6,JADE,RIG-47,DD,PQ; HQ,AK,Completed,
KCP,TRK,Coring,DD20TRK014,P_MRTRK189,689188.428,1738248.416,255.25,WGS84_z48N,SURVEYED,OPTICAL,300,45,-60,3/15/2020,3/23/2020,Thick coal,299.52,Steel casing,3/23/2020,1.1,19.9,JADE,RIG-34,DD,PQ; HQ,AW,Completed,
KCP,TRK,Coring,DD20TRK015,P_MRTRK191,689046.105,1738390.365,247.19,WGS84_z48N,SURVEYED,OPTICAL,275.3,45,-60,3/17/2020,3/24/2020,Thick coal,269.72,Steel casing,3/24/2020,3.5,19,JADE,RIG-36,DD,PQ; HQ,BA,Completed,
KCP,TRK,Coring,DD20TRK017,P_MRTRK187,689330.467,1738107.299,237.042,WGS84_z48N,SURVEYED,OPTICAL,280,45,-60,3/23/2020,3/28/2020,Thick coal,279.11,Steel casing,3/28/2020,5,21.6,JADE,RIG-34,DD,PQ; HQ,AS,Completed,
KCP,TRK,Coring,DD20TRK018,P_MRTRK180,689181.983,1737678.967,193.426,WGS84_z48N,SURVEYED,OPTICAL,200,224,-60,3/23/2020,3/26/2020,Thick coal,199.44,Steel casing,3/30/2020,1.6,3,JADE,RIG-47,DD,PQ; HQ,AO,Completed,
KCP,TRK,Coring,DD20TRK019,P_MRTRK165,689895.949,1737544.518,217.232,WGS84_z48N,SURVEYED,OPTICAL,202,45,-60,3/25/2020,4/1/2020,Thick coal,157.49,Steel casing,4/1/2020,5.4,22.5,JADE,RIG-36,DD,PQ; HQ,AC,Completed,
KCP,TRK,Coring,DD20TRK020,P_MRTRK157,690036.874,1737400.136,189.39,WGS84_z48N,SURVEYED,OPTICAL,254,45,-60,3/27/2020,4/1/2020,Thin coal,253.49,Steel casing,4/1/2020,3,10.5,JADE,RIG-47,DD,PQ; HQ,Y,Completed,
KCP,TRK,Coring,DD20TRK021,P_MRTRK221,691593.374,1737813.533,208.202,WGS84_z48N,SURVEYED,OPTICAL,114.5,45,-60,3/30/2020,4/1/2020,Thick coal,113.61,Steel casing,4/1/2020,9.3,12.1,JADE,RIG-45,DD,PQ; HQ,I,Completed,
KCP,TRK,Coring,DD20TRK022,P_MRTRK127,691451.433,1737680.847,245.928,WGS84_z48N,SURVEYED,OPTICAL,300,45,-60,3/30/2020,4/4/2020,Thick coal,299.26,Steel casing,4/4/2020,23.9,25.4,JADE,RIG-34,DD,PQ; HQ,I,Completed,
KCP,TRK,Coring,DD20TRK024,P_DDTRK265,689115.119,1738601.854,216.832,WGS84_z48N,SURVEYED,OPTICAL,120,45,-60,11/26/2020,12/1/2020,Thick coal,119.98,Steel casing,12/3/2020,2,,XPPL,RIG-06,DD,HQ3,BC,Completed,
KCP,TRK,Coring,DD20TRK025,P_DDTRK263,688976.618,1738602.902,225.896,WGS84_z48N,SURVEYED,OPTICAL,221.3,45,-70,11/27/2020,12/3/2020,Thin coal,217.99,PVC casing,12/3/2020,15,19,XPPL,RIG-01,DD,HQ3,BE,Completed,
KCP,TRK,Coring,DD20TRK026,P_DDTRK262,689258.517,1738185.277,267.552,WGS84_z48N,SURVEYED,OPTICAL,198,45,-60,12/1/2020,12/5/2020,Thick coal,193.99,Steel casing,12/6/2020,5.5,53,XPPL,RIG-07,DD,HQ3,AU,Completed,
KCP,TRK,Coring,DD20TRK027,P_DDTRK277,689119.97,1738746.332,213.4,WGS84_z48N,SURVEYED,OPTICAL,118.5,45,-60,12/2/2020,12/5/2020,Thick coal,118.49,PVC casing,12/7/2020,0.3,12.9,XPPL,RIG-13,DD,HQ3,BE,Completed,
KCP,TRK,Coring,DD20TRK029,P_DDTRK309,688975.731,1738881.085,201.077,WGS84_z48N,SURVEYED,OPTICAL,180,225,-60,12/3/2020,12/8/2020,Thin coal,180,PVC casing,12/9/2020,3,18.9,XPPL,RIG-01,DD,HQ3,BI,Completed,
KCP,TRK,Coring,DD20TRK030,P_DDTRK308,689045.953,1738813.666,212.267,WGS84_z48N,SURVEYED,OPTICAL,150,225,-60,12/6/2020,12/9/2020,Thick coal,149.99,PVC casing,12/10/2020,2.8,19.5,XPPL,RIG-13,DD,HQ3,BG,Completed,
KCP,TRK,Coring,DD20TRK031,P_DDTRK258,689400.361,1738320.691,246.826,WGS84_z48N,SURVEYED,OPTICAL,153,45,-60,12/7/2020,12/10/2020,Thick coal,152.98,PVC casing,12/12/2020,9,15,XPPL,RIG-07,DD,HQ3,AU,Completed,
KCP,TRK,Coring,DD20TRK032,P_DDTRK310,688973.067,1738742.072,204.384,WGS84_z48N,SURVEYED,OPTICAL,194,225,-60,12/8/2020,12/12/2020,Coaly,193.99,PVC casing,12/13/2020,3.3,,XPPL,RIG-01,DD,HQ3,BG,Completed,
KCP,TRK,Coring,DD20TRK033,P_DDTRK312,689192.676,1738673.217,219.463,WGS84_z48N,SURVEYED,OPTICAL,142.5,45,-60,12/8/2020,12/11/2020,Thin coal,141.99,PVC casing,12/12/2020,3,28.4,XPPL,RIG-06,DD,HQ3,BG,Completed,
KCP,TRK,Coring,DD20TRK034,P_DDTRK311,689115.089,1738883.22,203.235,WGS84_z48N,SURVEYED,OPTICAL,132.7,225,-60,12/10/2020,12/14/2020,Thick coal,131.69,PVC casing,12/16/2020,1,21,XPPL,RIG-13,DD,HQ3,BI,Completed,
KCP,TRK,Coring,DD20TRK035,P_DDTRK259,689330.219,1738250.119,244.611,WGS84_z48N,SURVEYED,OPTICAL,230,45,-60,12/11/2020,12/15/2020,Thick coal,226.99,Steel casing,12/18/2020,2.6,12.5,XPPL,RIG-07,DD,HQ3,AU,Completed,
KCP,TRK,Coring,DD20TRK036,P_DDTRK267,688976.284,1738463.498,221.161,WGS84_z48N,SURVEYED,OPTICAL,222,45,-60,12/11/2020,12/16/2020,Thick coal,221.99,PVC casing,12/19/2020,1.5,10.8,XPPL,RIG-06,DD,HQ3,BC,Completed,
KCP,TRK,Coring,DD20TRK037,P_DDTRK257,689261.182,1738458.674,218.501,WGS84_z48N,SURVEYED,OPTICAL,157,45,-60,12/13/2020,12/16/2020,Thick coal,156.99,PVC casing,12/17/2020,14.3,19.6,XPPL,RIG-01,DD,HQ3,AY,Completed,
KCP,TRK,Coring,DD20TRK038,P_DDTRK338,689183.201,1738953.415,195.762,WGS84_z48N,SURVEYED,OPTICAL,102,225,-60,12/15/2020,12/22/2020,Thick coal,100.5,PVC casing,12/23/2020,,,XPPL,RIG-01; RIG-13,DD,HQ3,BG,Completed,
KCP,TRK,Coring,DD20TRK039,P_DDTRK273,689123.452,1738461.673,210.306,WGS84_z48N,SURVEYED,OPTICAL,186,45,-60,12/17/2020,12/21/2020,Thick coal,184.99,PVC casing,12/22/2020,5.9,12,XPPL,RIG-01,DD,HQ3,BA,Completed,
KCP,TRK,Coring,DD20TRK040,P_DDTRK260,689188.968,1738392.098,250.888,WGS84_z48N,SURVEYED,OPTICAL,285.7,45,-60,12/18/2020,12/31/2020,Thick coal,265.99,Steel casing,12/26/2020,30.8,34,XPPL,RIG-07,DD,HQ3,AY,Completed,
KCP,TRK,Coring,DD20TRK041,P_DDTRK266,689051.984,1738527.141,219.616,WGS84_z48N,SURVEYED,OPTICAL,183,45,-60,12/17/2020,12/21/2020,Thick coal,181.98,Steel casing,12/21/2020,5.4,12.6,XPPL,RIG-06,DD,HQ3,BC,Completed,
KCP,TRK,Coring,DD20TRK042,P_DDTRK337,688978.769,1738819.563,205.322,WGS84_z48N,SURVEYED,OPTICAL,189,225,-60,12/22/2020,12/25/2020,Thick coal,185.58,Steel casing,12/25/2020,18,26.8,XPPL,RIG-06,DD,HQ3,BH,Completed,
KCP,TRK,Coring,DD20TRK043,P_DDTRK281,689370.239,1738430.433,226.265,WGS84_z48N,SURVEYED,OPTICAL,101,45,-60,12/22/2020,12/24/2020,Thick coal,100.98,Steel casing,12/25/2020,1.5,6.2,XPPL,RIG-01,DD,HQ3,AW,Completed,
KCP,TRK,Coring,DD20TRK044,P_DDTRK339,689331.137,1738532.971,197.336,WGS84_z48N,SURVEYED,OPTICAL,132,45,-60,12/25/2020,12/27/2020,Coaly,131.99,Steel casing,12/28/2020,2.5,9.1,XPPL,RIG-01,DD,HQ3,AY,Completed,
KCP,TRK,Coring,DD20TRK045,P_DDTRK342,689047.172,1738885.299,203.408,WGS84_z48N,SURVEYED,OPTICAL,130,225,-60,12/26/2020,12/28/2020,Thick coal,125.3,Steel casing,12/29/2020,1.7,17.5,XPPL,RIG-06,DD,HQ3,BH,Completed,
KCP,TRK,Coring,DD20TRK046,P_DDTRK340,689331.373,1738605.388,190.033,WGS84_z48N,SURVEYED,OPTICAL,114,225,-60,12/28/2020,12/31/2020,Thick coal,113.49,Steel casing,12/31/2020,1.1,3.5,XPPL,RIG-01,DD,HQ3,AZ,Completed,
KCP,TRK,Coring,DD20TRK047,P_DDTRK274,689252.821,1738310.446,212.518,WGS84_z48N,SURVEYED,OPTICAL,273,0,-90,12/29/2020,1/6/2021,Thick coal,270.99,Steel casing,1/7/2021,4.5,5,XPPL,RIG-06,DD,HQ3,AW,Completed,
KCP,TRK,Coring,DD21TRK048,P_DDTRK343,689117.35,1738956.459,199.672,WGS84_z48N,SURVEYED,OPTICAL,156,225,-60,1/1/2021,1/4/2021,Thick coal,151.99,Steel casing,1/4/2021,17,39.4,XPPL,RIG-07,DD,HQ3,BH,Completed,
KCP,TRK,Coring,DD21TRK049,P_DDTRK345,689294.901,1738498.218,204.61,WGS84_z48N,SURVEYED,OPTICAL,99,45,-60,1/1/2021,1/4/2021,Thick coal,97.99,Steel casing,1/4/2021,0.3,9.9,XPPL,RIG-01,DD,HQ3,AY,Completed,
KCP,TRK,Coring,DD21TRK050,P_DDTRK344,689012.6854,1738780.254,212.5156,WGS84_z48N,SURVEYED,OPTICAL,153,225,-60,1/5/2021,1/8/2021,Thick coal,152.99,Steel casing,1/8/2021,4,7.2,XPPL,RIG-07,DD,HQ3,BG,Completed,
KCP,TRK,Coring,DD21TRK051,P_DDTRK334,689532.8558,1738310.214,230.5131,WGS84_z48N,SURVEYED,OPTICAL,155,45,-70,1/5/2021,1/8/2021,Thick coal,153.49,PVC casing,1/8/2021,15,27,XPPL,RIG-01,DD,HQ3,AS,Completed,
KCP,TRK,Coring,DD21TRK052,P_DDTRK247,689684.917,1738037.832,227.1843,WGS84_z48N,SURVEYED,OPTICAL,204,45,-60,1/8/2021,1/13/2021,Thick coal,203.51,Steel casing,1/13/2021,13,25.6,XPPL,RIG-01,DD,HQ3,AM,Completed,
KCP,TRK,Coring,DD21TRK053,P_DDTRK256,689542.9039,1738038.825,217.3921,WGS84_z48N,SURVEYED,OPTICAL,210,45,-70,1/9/2021,1/13/2021,Thick coal,210,PVC casing,1/14/2021,8.5,23.7,XPPL,RIG-07,DD,HQ3,AO,Completed,
KCP,TRK,Coring,DD21TRK054,P_DDTRK255,689539.1805,1738176.532,242.7312,WGS84_z48N,SURVEYED,OPTICAL,196.5,45,-60,1/9/2021,1/12/2021,Thick coal,194.99,PVC casing,1/13/2021,21.9,23.5,XPPL,RIG-06,DD,HQ3,AQ,Completed,
KCP,TRK,Coring,DD21TRK055,P_DDTRK261,689117.957,1738321.684,255.815,WGS84_z48N,SURVEYED,OPTICAL,348,45,-60,1/13/2021,1/21/2021,Thin coal,339.49,PVC casing,1/22/2021,11,,XPPL,RIG-06,DD,HQ3,AY,Completed,
KCP,TRK,Coring,DD21TRK056,P_DDTRK331,689685.3177,1738176.864,204.908,WGS84_z48N,SURVEYED,OPTICAL,100.2,45,-60,1/14/2021,1/15/2021,Thick coal,100,PVC casing,1/17/2021,16.4,,XPPL,RIG-01,DD,HQ3,AO,Completed,
KCP,TRK,Coring,DD21TRK057,P_DDTRK346,689471.554,1738391.127,237.873,WGS84_z48N,SURVEYED,OPTICAL,162,0,-90,1/14/2021,1/17/2021,Thick coal,159.01,PVC casing,1/17/2021,20.5,31.9,XPPL,RIG-07,DD,HQ3,AU,Completed,
KCP,TRK,Coring,DD21TRK058,P_DDTRK347,689755.8757,1738108.196,200.6544,WGS84_z48N,SURVEYED,OPTICAL,189,45,-60,1/16/2021,1/20/2021,Thick coal,188.99,PVC casing,1/21/2021,4,6.7,XPPL,RIG-01,DD,HQ3,AM,Completed,
KCP,TRK,Coring,DD21TRK059,P_DDTRK275,689402.3681,1738178.966,260.3101,WGS84_z48N,SURVEYED,OPTICAL,243,45,-70,1/17/2021,1/22/2021,Thick coal,242.99,PVC casing,1/23/2021,2,23.5,XPPL,RIG-07,DD,HQ3,AS,Completed,
KCP,TRK,Coring,DD21TRK060,P_DDTRK248,689612.735,1737968.084,199.236,WGS84_z48N,SURVEYED,OPTICAL,201,45,-60,1/21/2021,1/24/2021,Thick coal,200.49,PVC casing,1/25/2021,5.9,9.1,XPPL,RIG-01,DD,HQ3,AM,Completed,
KCP,TRK,Coring,DD21TRK061,P_DDTRK246,689827.0529,1737897.011,190.6791,WGS84_z48N,SURVEYED,OPTICAL,100,45,-60,1/21/2021,1/23/2021,Thick coal,99.49,PVC casing,1/24/2021,10.6,12.9,XPPL,RIG-02,DD,HQ3,AI,Completed,
KCP,TRK,Coring,DD21TRK062,P_DDTRK233,689192.4567,1738112.188,262.583,WGS84_z48N,SURVEYED,OPTICAL,339,45,-60,1/22/2021,1/28/2021,Thick coal,221.99,PVC casing,1/30/2021,1.4,31.8,XPPL,RIG-06,DD,HQ3,AU,Completed,
KCP,TRK,Coring,DD21TRK063,P_DDTRK249,689542.2135,1737895.33,224.4057,WGS84_z48N,SURVEYED,OPTICAL,268.5,45,-60,1/23/2021,1/27/2021,Thick coal,265.99,Steel casing,1/28/2021,7,14.3,XPPL,RIG-07,DD,HQ3,AM,Completed,
KCP,TRK,Coring,DD21TRK064,P_DDTRK251,689745.081,1737812.63,182.857,WGS84_z48N,SURVEYED,OPTICAL,219,45,-60,1/29/2021,2/1/2021,Thick coal,218.48,PVC casing,2/3/2021,4.5,5.5,XPPL,RIG-01,DD,HQ3,AI,Completed,
KCP,TRK,Coring,DD21TRK065,P_DDTRK276,689683.215,1737898.383,204.005,WGS84_z48N,SURVEYED,OPTICAL,200,45,-60,1/29/2021,2/2/2021,Thick coal,200,PVC casing,2/3/2021,11.7,20,XPPL,RIG-06,DD,HQ3,AK,Completed,
KCP,TRK,Coring,DD21TRK067,P_DDTRK348,689805.055,1738015.568,214.029,WGS84_z48N,SURVEYED,OPTICAL,100,45,-60,2/3/2021,2/4/2021,Thin coal,99.98,PVC casing,2/6/2021,13.1,33.8,XPPL,RIG-06,DD,HQ3,AK,Completed,
KCP,TRK,Coring,DD21TRK068,P_DDTRK355,689707.805,1738135.615,198.535,WGS84_z48N,SURVEYED,OPTICAL,200,45,-60,2/5/2021,2/8/2021,Thick coal,197.8,PVC casing,2/9/2021,9.5,27,XPPL,RIG-06,DD,HQ3,AN,Completed,
KCP,TRK,Coring,DD21TRK070,P_DDTRK354,689610.892,1738177.993,213.492,WGS84_z48N,SURVEYED,OPTICAL,150,45,-60,2/9/2021,2/11/2021,Thick coal,149.9,PVC casing,2/12/2021,3.3,,XPPL,RIG-06,DD,HQ3,AP,Completed,
KCP,TRK,Coring,DD21TRK071,P_DDTRK252,689827.613,1737751.584,193.342,WGS84_z48N,SURVEYED,OPTICAL,210,45,-70,2/12/2021,2/16/2021,Thick coal,209.49,PVC casing,2/17/2021,3,6.5,XPPL,RIG-06,DD,HQ3,AG,Completed,
KCP,TRK,Coring,DD21TRK072,P_DDTRK228,689552.721,1737752.371,194.334,WGS84_z48N,SURVEYED,OPTICAL,320,45,-60,2/12/2021,2/20/2021,Thick coal,317.99,PVC casing,2/22/2021,0.4,22,XPPL,RIG-01,DD,HQ3,AK,Completed,
KCP,TRK,Coring,DD21TRK073,P_DDTRK227,689596.983,1737686.007,182.256,WGS84_z48N,SURVEYED,OPTICAL,275,45,-60,2/13/2021,2/18/2021,Thick coal,266.99,PVC casing,2/19/2021,4.7,7.7,XPPL,RIG-02,DD,HQ3,AI,Completed,
KCP,TRK,Coring,DD21TRK074,P_DDTRK395,689648.988,1738001.42,207.623,WGS84_z48N,SURVEYED,OPTICAL,151,45,-60,2/17/2021,2/20/2021,Thick coal,146.99,PVC casing,2/21/2021,1.5,6,XPPL,RIG-06,DD,HQ3,AM,Completed,
KCP,TRK,Coring,DD21TRK075,P_DDTRK243,689896.954,1737683.465,201.484,WGS84_z48N,SURVEYED,OPTICAL,193,45,-60,2/20/2021,2/23/2021,Thick coal,192.49,PVC casing,2/24/2021,1.1,12.4,XPPL,RIG-02,DD,HQ3,AE,Completed,
KCP,TRK,Coring,DD21TRK076,P_DDTRK396,689787.54,1737929.99,206.14,WGS84_z48N,SURVEYED,OPTICAL,156,45,-60,2/21/2021,2/24/2021,Thick coal,154.99,PVC casing,2/25/2021,,,XPPL,RIG-06,DD,HQ3,AJ,Completed,
KCP,TRK,Coring,DD21TRK077,P_DDTRK226,689683.128,1737615.688,215.857,WGS84_z48N,SURVEYED,OPTICAL,301.3,45,-60,2/21/2021,2/28/2021,Thick coal,295.99,PVC casing,3/1/2021,7.5,15,XPPL,RIG-01,DD,HQ3,AG,Completed,
KCP,TRK,Coring,DD21TRK078,P_DDTRK350,689134.548,1738849.777,206.095,WGS84_z48N,SURVEYED,OPTICAL,173,0,-90,2/24/2021,3/1/2021,Thick coal,169.49,PVC casing,3/1/2021,3.5,7,XPPL,RIG-13,DD,HQ3,BF,Completed,
KCP,TRK,Coring,DD21TRK079,P_DDTRK244,689826.917,1737617.969,221.328,WGS84_z48N,SURVEYED,OPTICAL,135,45,-60,2/25/2021,3/2/2021,Thick coal,130.49,PVC casing,3/2/2021,0.6,23,XPPL,RIG-06,DD,HQ3,AE,Completed,
KCP,TRK,Coring,DD21TRK080,P_DDTRK229,689471.928,1737824.536,188.072,WGS84_z48N,SURVEYED,OPTICAL,314.8,45,-60,3/2/2021,3/8/2021,Thick coal,217.99,PVC casing,3/9/2021,3.3,14.5,XPPL,RIG-01,DD,HQ3,AM,Completed,
KCP,TRK,Coring,DD21TRK081,P_DDTRK242,689967.609,1737612.442,198.553,WGS84_z48N,SURVEYED,OPTICAL,303,45,-70,3/2/2021,3/8/2021,Thick coal,93.49,PVC casing,3/9/2021,1.8,11.7,XPPL,RIG-06,DD,HQ3,AC,Completed,
KCP,TRK,Coring,DD21TRK082,P_DDTRK349,689027.432,1738724.201,217.849,WGS84_z48N,SURVEYED,OPTICAL,150,225,-60,3/2/2021,3/6/2021,Thin coal,149.99,PVC casing,3/7/2021,9,17.5,XPPL,RIG-13,DD,HQ3,BF,Completed,
KCP,TRK,Coring,DD21TRK083,P_DDTRK353,689179.23,1738732.059,195.765,WGS84_z48N,SURVEYED,OPTICAL,153,45,-60,3/7/2021,3/12/2021,Thick coal,152.58,PVC casing,3/13/2021,0.3,4.5,XPPL,RIG-06; RIG-13,DD,HQ3,BD,Completed,
KCP,TRK,Coring,DD21TRK085,P_DDTRK352,689149.487,1738779.26,210.229,WGS84_z48N,SURVEYED,OPTICAL,81,45,-60,3/13/2021,3/14/2021,No coal,80.98,PVC casing,3/15/2021,8.3,11.1,XPPL,RIG-06,DD,HQ3,BE,Completed,
KCP,TRK,Coring,DD21TRK086,P_DDTRK351,689049.924,1738675.311,212.873,WGS84_z48N,SURVEYED,OPTICAL,100,225,-60,3/14/2021,3/16/2021,Thick coal,98.99,PVC casing,3/18/2021,13.8,19,XPPL,RIG-06,DD,HQ3,BE,Completed,
KCP,TRK,Coring,DD21TRK087,P_DDTRK225,689758.813,1737548.96,221.506,WGS84_z48N,SURVEYED,OPTICAL,287.7,45,-60,3/16/2021,3/24/2021,Thick coal,283.99,PVC casing,3/24/2021,12,15,XPPL,RIG-01,DD,HQ3,AE,Completed,
KCP,TRK,Coring,DD21TRK088,P_DDTRK398,689181.38,1738595.389,211.355,WGS84_z48N,SURVEYED,OPTICAL,114,45,-60,3/17/2021,3/18/2021,Thick coal,112.69,PVC casing,3/19/2021,1.5,4.3,XPPL,RIG-06,DD,HQ3,BB,Completed,
KCP,TRK,Coring,DD21TRK090,P_DDTRK399,689087.309,1738785.163,217.604,WGS84_z48N,SURVEYED,OPTICAL,180,225,-60,3/23/2021,3/27/2021,Thick coal,179,Steel casing,3/27/2021,6,30,XPPL,RIG-06,DD,HQ3,BF,Completed,
KCP,TRK,Coring,DD21TRK091,P_DDTRK224,689824.3162,1737470.387,265.2351,WGS84_z48N,SURVEYED,OPTICAL,216,45,-60,3/25/2021,4/1/2021,Thick coal,196.97,Steel casing,4/2/2021,16.8,43.8,XPPL,RIG-01,DD,HQ3,AC,Completed,
KCP,TRK,Coring,DD21TRK092,P_DDTRK397,689154.9159,1738637.781,215.9804,WGS84_z48N,SURVEYED,OPTICAL,152,45,-60,3/27/2021,4/1/2021,Thick coal,151.99,Steel casing,4/2/2021,19.5,22.5,XPPL,RIG-13,DD,HQ3,BC,Completed,
KCP,TRK,Coring,DD21TRK093,P_DDTRK400,689223.3833,1738920.637,195.458,WGS84_z48N,SURVEYED,OPTICAL,220,225,-70,3/27/2021,4/2/2021,No coal,219.99,Steel casing,4/4/2021,10,22,XPPL,RIG-06,DD,HQ3,BF,Completed,
KCP,TRK,Coring,DD21TRK095,P_DDTRK401,689080.8972,1738638.071,200.1733,WGS84_z48N,SURVEYED,OPTICAL,165.8,45,-60,4/7/2021,4/16/2021,Thick coal,155.01,Steel casing,4/16/2021,2,7.1,XPPL,RIG-06; RIG-13,DD,HQ,BD,Completed,
KCP,TRK,Coring,DD21TRK096,P_DDTRK402,689029.846,1738577.648,203.756,WGS84_z48N,SURVEYED,OPTICAL,201,45,-60,4/9/2021,4/14/2021,Thick coal,102.99,PVC casing,4/16/2021,3.6,6,XPPL,RIG-06,DD,HQ3,BD,Completed,
KCP,TRK,Coring,DD21TRK097,P_DDTRK250,689697.74,1737768.256,183.399,WGS84_z48N,SURVEYED,OPTICAL,251,45,-60,4/22/2021,5/4/2021,Thick coal,248.99,Steel casing,5/4/2021,3.7,6,XPPL,RIG-14,DD,PQ3,AI,Completed,
KCP,TRK,Coring,DD21TRK098,P_DDTRK403,689012.785,1738495.567,214.734,WGS84_z48N,SURVEYED,OPTICAL,200,45,-60,4/20/2021,4/26/2021,Thick coal,165.87,PVC casing,6/9/2021,1.2,7.2,XPPL,RIG-13; RIG-14,DD,HQ3,BC,Completed,
KCP,TRK,Coring,DD21TRK100,P_DDTRK406,689273.242,1738553.183,194.4,WGS84_z48N,SURVEYED,OPTICAL,99,0,-90,5/3/2021,5/6/2021,Thick coal,98.49,Steel casing,5/6/2021,6,8.5,XPPL,RIG-13,DD,HQ3,AZ,Completed,
KCP,TRK,Coring,DD21TRK101,P_DDTRK407,689220.839,1738495.51,216.998,WGS84_z48N,SURVEYED,OPTICAL,150,45,-60,5/8/2021,5/13/2021,Thick coal,149.99,Steel casing,5/13/2021,17,19.8,XPPL,RIG-13,DD,HQ3,AZ,Completed,
KCP,TRK,Coring,DD21TRK102,P_DDTRK404,689123.488,1738536.118,210.538,WGS84_z48N,SURVEYED,OPTICAL,212,45,-60,5/12/2021,5/21/2021,Thick coal,210.99,Steel casing,5/21/2021,7.9,14.7,XPPL,RIG-14,DD,HQ3,BB,Completed,
KCP,TRK,Coring,DD21TRK103,P_DDTRK410,689609.841,1738245.585,223.451,WGS84_z48N,SURVEYED,OPTICAL,120,45,-60,5/14/2021,5/23/2021,Thick coal,117.99,Steel casing,5/23/2021,10.5,21.2,XPPL,RIG-13,DD,HQ3,AQ,Completed,
KCP,TRK,Coring,DD21TRK105,P_DDTRK411,689541.049,1738109.363,230.757,WGS84_z48N,SURVEYED,OPTICAL,200.8,45,-60,5/23/2021,6/5/2021,Thick coal,200.79,PVC casing,6/6/2021,6,11.7,XPPL,RIG-13,DD,HQ3,AP,Completed,
KCP,TRK,Coring,DD21TRK106,P_DDTRK413,689701.867,1737983.458,220.661,WGS84_z48N,SURVEYED,OPTICAL,172.2,45,-60,6/6/2021,6/16/2021,Thick coal,169.99,PVC casing,6/16/2021,6,18.1,XPPL,RIG-13,DD,HQ3,AL,Completed,
KCP,TRK,Coring,DD21TRK107,P_DDTRK415,689089.03,1738786.642,217.593,WGS84_z48N,SURVEYED,OPTICAL,231,0,-90,6/10/2021,6/19/2021,Thick coal,215.99,Steel casing,6/19/2021,12.2,31.1,XPPL,RIG-14,DD,HQ3,BF,Completed,
KCP,TRK,Coring,DD21TRK108,P_DDTRK412,689639.305,1738055.642,208.548,WGS84_z48N,SURVEYED,OPTICAL,200,45,-60,6/16/2021,8/10/2021,Thick coal,196.5,Steel casing,8/10/2021,2.5,8.5,XPPL,RIG-13; RIG-14,DD,HQ3,AN,Completed,
KCP,TRK,Coring,DD21TRK109,P_DDTRK416,689118.691,1738744.559,212.942,WGS84_z48N,SURVEYED,OPTICAL,170.2,225,-65,6/19/2021,6/25/2021,Thick coal,169.39,Steel casing,6/25/2021,3,12,XPPL,RIG-14,DD,HQ3,BE,Completed,
KCP,TRK,Coring,DD21TRK111,P_DDTRK405,689050.8857,1738467.919,240.04,WGS84_z48N,SURVEYED,OPTICAL,257.7,45,-60,7/4/2021,7/10/2021,Thick coal,256,PVC casing,7/10/2021,4.5,8.7,XPPL,RIG-14,DD,HQ3,BB,Completed,
KCP,TRK,Coring,DD21TRK112,P_DDTRK417,689251.3706,1738666.212,218.9886,WGS84_z48N,SURVEYED,OPTICAL,120,0,-90,7/11/2021,7/13/2021,Thick coal,119.5,Steel casing,7/13/2021,4.6,14.5,XPPL,RIG-14,DD,HQ3,BB,Completed,
KCP,TRK,Coring,DD21TRK113,P_DDTRK408,689188.705,1738462.433,229.5438,WGS84_z48N,SURVEYED,OPTICAL,206.9,45,-60,7/13/2021,7/18/2021,Thick coal,206.6,Steel casing,7/18/2021,26.8,30.8,XPPL,RIG-14,DD,HQ3,AZ,Completed,
KCP,TRK,Coring,DD21TRK114,P_DDTRK409,689158.052,1738354.054,259.152,WGS84_z48N,SURVEYED,OPTICAL,311.7,45,-60,7/19/2021,7/27/2021,Thick coal,311.7,PVC casing,7/28/2021,17.5,29.1,XPPL,RIG-14,DD,HQ3,AY,Completed,
KCP,TRK,Coring,DD21TRK115,P_DDTRK230,689404.142,1737898.521,188.9795,WGS84_z48N,SURVEYED,OPTICAL,216,45,-60,12/12/2021,12/20/2021,Thick coal,215.99,Steel casing,12/20/2021,6,8.5,XPPL,RIG-14,DD,HQ3,AO,Completed,
KCP,TRK,Coring,DD21TRK116,P_DDTRK231,689400.8265,1738036.55,213.7498,WGS84_z48N,SURVEYED,OPTICAL,300,45,-60,12/12/2021,12/19/2021,Thick coal,299.99,Steel casing,12/19/2021,3.3,13,XPPL,RIG-01,DD,HQ3,AQ,Completed,
KCP,TRK,Coring,DD21TRK117,P_DDTRK414,689650.665,1737933.213,197.9362,WGS84_z48N,SURVEYED,OPTICAL,200,45,-60,12/13/2021,12/17/2021,Thick coal,199.49,Steel casing,12/17/2021,6.2,8.7,XPPL,RIG-07,DD,HQ3,AL,Completed,
KCP,TRK,Coring,DD21TRK118,P_DDTRK254,689473.821,1738106.612,240.969,WGS84_z48N,SURVEYED,OPTICAL,210,45,-60,12/18/2021,12/22/2021,Thick coal,209.99,Steel casing,12/22/2021,17,18.3,XPPL,RIG-07,DD,HQ3,AQ,Completed,
KCP,TRK,Coring,DD21TRK119,P_DDTRK222,689966.555,1737324.519,190.53,WGS84_z48N,SURVEYED,OPTICAL,203.8,135,-60,12/20/2021,12/24/2021,Thick coal,203.68,Steel casing,12/24/2021,2,4.9,XPPL,RIG-01,DD,HQ3,Y,Completed,
KCP,TRK,Coring,DD21TRK122,P_DDTRK223,689898.251,1737403.073,217.819,WGS84_z48N,SURVEYED,OPTICAL,189,135,-60,12/25/2021,1/7/2022,Thick coal,115.2,PVC casing,1/24/2022,13.6,,XPPL,RIG-01,DD,HQ3,AA,Completed,
KCP,TRK,Coring,DD21TRK123,P_DDTRK332,689337.196,1737972.44,201.151,WGS84_z48N,SURVEYED,OPTICAL,295.5,45,-60,12/29/2021,1/10/2022,Thick coal,293,PVC casing,1/24/2022,7.8,18.4,XPPL,RIG-07,DD,HQ,AQ,Completed,
KCP,TRK,Coring,DD22TRK124,P_DDTRK232,689328.58,1738109.209,237.178,WGS84_z48N,SURVEYED,OPTICAL,290.5,0,-90,1/3/2022,1/11/2022,Thick coal,290.5,PVC casing,1/24/2022,0.7,16.5,XPPL,RIG-14,DD,HQ3,AS,Completed,
KCP,TRK,Coring,DD22TRK125,P_DDTRK239,689960.796,1737475.98,211.69,WGS84_z48N,SURVEYED,OPTICAL,260,135,-60,1/7/2022,1/13/2022,Thick coal,258,PVC casing,1/25/2022,4.5,,XPPL,RIG-01,DD,HQ3,AA,Completed,
KCP,TRK,Coring,DD22TRK126,P_DDTRK323,689827.126,1737328.366,229.8631,WGS84_z48N,SURVEYED,OPTICAL,204.5,135,-60,1/11/2022,1/16/2022,Thick coal,200,PVC casing,1/25/2022,2.6,42.7,XPPL,RIG-07,DD,HQ3,AA,Completed,
KCP,TRK,Coring,DD22TRK127,P_DDTRK324,689754.337,1737254.641,259.616,WGS84_z48N,SURVEYED,OPTICAL,200.3,135,-60,1/11/2022,1/18/2022,Thick coal,197.5,PVC casing,1/26/2022,0.8,31.8,XPPL,RIG-14,DD,HQ3,AA,Completed,
KCP,TRK,Coring,DD22TRK128,P_DDTRK325,689821.294,1737186.411,225.982,WGS84_z48N,SURVEYED,OPTICAL,200.1,135,-60,1/14/2022,1/21/2022,Thick coal,190.5,PVC casing,1/25/2022,4.4,15.6,XPPL,RIG-01,DD,HQ3,Y,Completed,
KCP,TRK,Coring,DD22TRK129,P_DDTRK329,689898.099,1737121.424,196.881,WGS84_z48N,SURVEYED,OPTICAL,220.5,45,-60,1/17/2022,1/25/2022,Thin coal,220,PVC casing,1/26/2022,3.9,5.8,XPPL,RIG-07,DD,HQ3,W,Completed,
KCP,TRK,Coring,DD22TRK130,P_DDTRK327,691494.484,1737725.446,246.439,WGS84_z48N,SURVEYED,OPTICAL,351,0,-90,1/23/2022,2/1/2022,Ongoing,351,Steel casing,2/1/2022,0.5,30.1,XPPL,RIG-14,DD,HQ3,I,Completed,
KCP,TRK,Coring,DD22TRK131,P_DDTRK294,691312.028,1737679.966,267.712,WGS84_z48N,SURVEYED,OPTICAL,200,45,-60,1/28/2022,2/3/2022,Thick coal,195,Steel casing,2/3/2022,0.4,35,XPPL,RIG-01,DD,HQ3,K,Completed,
KCP,TRK,Coring,DD22TRK133,P_DDTRK298,691456.969,1737828.386,279.703,WGS84_z48N,SURVEYED,OPTICAL,351,0,-90,2/2/2022,2/15/2022,Thick coal,350,Steel casing,2/14/2022,1.5,54,XPPL,RIG-14,DD,PQ3; HQ3,K,Completed,
KCP,TRK,Coring,DD22TRK134,P_DDTRK293,691386.003,1737618.869,247.188,WGS84_z48N,SURVEYED,OPTICAL,190,0,-90,2/2/2022,2/10/2022,Thick coal,190,Steel casing,2/8/2022,0.9,3.5,XPPL,RIG-07,DD,PQ3; HQ3,I,Completed,
KCP,TRK,Coring,DD22TRK135,P_DDTRK302,691442.472,1737396.959,266.416,WGS84_z48N,SURVEYED,OPTICAL,240,135,-60,2/4/2022,2/12/2022,Thick coal,239.5,Steel casing,2/11/2022,4.7,12,XPPL,RIG-01,DD,PQ3; HQ3,E,Completed,
KCP,TRK,Coring,DD22TRK137,P_DDTRK291,691383.32,1737473.783,268.685,WGS84_z48N,SURVEYED,OPTICAL,204,45,-60,2/13/2022,2/21/2022,Ongoing,200.5,Steel casing,2/20/2022,3,24.9,XPPL,RIG-01,DD,PQ3; HQ3,G,Completed,
KCP,TRK,Coring,DD22TRK138,P_DDTRK301,691526.436,1737477.788,270.702,WGS84_z48N,SURVEYED,OPTICAL,170,45,-60,2/14/2022,2/17/2022,Thick coal,168,Steel casing,2/17/2022,2,13.5,XPPL,RIG-07,DD,PQ3; HQ3,E,Completed,
KCP,TRK,Coring,DD22TRK140,P_DDTRK292,691442.047,1737528.472,236.129,WGS84_z48N,SURVEYED,OPTICAL,150,45,-60,2/21/2022,2/27/2022,Thick coal,150,Steel casing,2/26/2022,,4.2,XPPL,RIG-07,DD,HQ3,G,Completed,
KCP,TRK,Coring,DD22TRK141,P_DDTRK295,691525.695,1737615.772,249.269,WGS84_z48N,SURVEYED,OPTICAL,300,45,-60,2/22/2022,3/4/2022,Ongoing,300,Steel casing,3/4/2022,0.5,23.4,XPPL,RIG-01,DD,HQ3,G,Completed,
KCP,TRK,Coring,DD22TRK142,P_DDTRK299,691666.627,1737757.118,223.039,WGS84_z48N,SURVEYED,OPTICAL,200,0,-90,3/2/2022,3/7/2022,Ongoing,200,Steel casing,3/7/2022,12,14.2,XPPL,RIG-07,DD,PQ3,G,Completed,
KCP,TRK,Coring,DD22TRK143,P_DDTRK290,691249.887,1737610.722,277.435,WGS84_z48N,SURVEYED,OPTICAL,150,45,-60,3/6/2022,3/11/2022,Ongoing,150,Steel casing,3/11/2022,1.7,10.5,XPPL,RIG-01,DD,HQ3,K,Completed,
KCP,TRK,Non coring,MR19TRK001,P_MRTRK058,689048.697,1738677.746,212.711,WGS84_z48N,SURVEYED,OPTICAL,200,0,-90,12/25/2019,12/26/2019,Thick coal,199.99,Steel casing,12/26/2019,,,JADE,RIG-45,MR,PQ; HQ,BE,Completed,
KCP,TRK,Non coring,MR19TRK002,P_MRTRK057,689333.574,1738384.367,216.708,WGS84_z48N,SURVEYED,OPTICAL,245,0,-90,12/25/2019,12/27/2019,Thick coal,244.99,Steel casing,12/27/2019,,,JADE,RIG-33,MR,PQ; HQ,AW,Completed,
KCP,TRK,Non coring,MR19TRK003,P_MRTRK048,688482.873,1736976.023,253.866,WGS84_z48N,SURVEYED,OPTICAL,200,0,-90,12/26/2019,12/28/2019,No coal,199.99,Steel casing,12/28/2019,,,JADE,RIG-47,MR,PQ; HQ,AO,Completed,
KCP,TRK,Non coring,MR19TRK004,P_MRTRK049,688772.672,1737262.408,256.752,WGS84_z48N,SURVEYED,OPTICAL,200,0,-90,12/26/2019,12/27/2019,Thick coal,199.99,Steel casing,12/27/2019,,,JADE,RIG-36,MR,PQ; HQ,AO,Completed,
KCP,TRK,Non coring,MR19TRK005,P_MRTRK053,688619.576,1737388.828,204.564,WGS84_z48N,SURVEYED,OPTICAL,200,0,-90,12/26/2019,12/27/2019,Thick coal,199.99,Steel casing,12/27/2019,,,JADE,RIG-34,MR,PQ; HQ,AS,Completed,
KCP,TRK,Non coring,MR19TRK006,P_MRTRK052,689619.116,1738106.428,207.995,WGS84_z48N,SURVEYED,OPTICAL,200,0,-90,12/26/2019,12/28/2019,Thick coal,199.99,Steel casing,12/28/2019,,,JADE,RIG-45,MR,PQ; HQ,AO,Completed,
KCP,TRK,Non coring,MR19TRK007,P_MRTRK056,689037.403,1738119.781,217.68,WGS84_z48N,SURVEYED,OPTICAL,212,0,-90,12/27/2019,12/29/2019,Thick coal,211.99,Steel casing,12/29/2019,,,JADE,RIG-33,MR,PQ; HQ,AW,Completed,
KCP,TRK,Non coring,MR19TRK008,P_MRTRK043,688756.43,1736683.755,250.286,WGS84_z48N,SURVEYED,OPTICAL,200,0,-90,12/27/2019,12/29/2019,No coal,199.99,Steel casing,12/29/2019,,,JADE,RIG-36,MR,PQ; HQ,AG,Completed,
KCP,TRK,Non coring,MR19TRK009,P_MRTRK044,689032.002,1736981.555,220.901,WGS84_z48N,SURVEYED,OPTICAL,200,0,-90,12/27/2019,12/28/2019,No coal,199.99,Steel casing,12/28/2019,,,JADE,RIG-34,MR,PQ; HQ,AG,Completed,
KCP,TRK,Non coring,MR19TRK010,P_MRTRK051,689335.204,1737823.968,186.933,WGS84_z48N,SURVEYED,OPTICAL,200,0,-90,12/28/2019,12/29/2019,Thick coal,200,Steel casing,12/29/2019,,,JADE,RIG-45,MR,PQ; HQ,AO,Completed,
KCP,TRK,Non coring,MR19TRK011,P_MRTRK055,688202.789,1737258.759,266.872,WGS84_z48N,SURVEYED,OPTICAL,200,0,-90,12/28/2019,12/31/2019,Coaly,199.99,Steel casing,1/31/2020,,,JADE,RIG-47,MR,PQ; HQ,AW,Completed,
KCP,TRK,Non coring,MR19TRK012,P_MRTRK045,689341.317,1737260.62,197.058,WGS84_z48N,SURVEYED,OPTICAL,206,0,-90,12/28/2019,12/29/2019,Thick coal,206,Steel casing,12/29/2019,,,JADE,RIG-34,MR,PQ; HQ,AG,Completed,
KCP,TRK,Non coring,MR19TRK013,P_MRTRK054,688896.58,1737677.97,266.244,WGS84_z48N,SURVEYED,OPTICAL,200,0,-90,12/29/2019,1/1/2020,Thick coal,200,Steel casing,1/1/2020,,,JADE,RIG-33,MR,PQ; HQ,AS,Completed,
KCP,TRK,Non coring,MR19TRK014,P_MRTRK038,689047.932,1736400.857,327.323,WGS84_z48N,SURVEYED,OPTICAL,171,0,-90,12/30/2019,1/3/2020,No coal,170.96,Steel casing,1/3/2020,,,JADE,RIG-34,MR,PQ; HQ,Y,Completed,
KCP,TRK,Non coring,MR19TRK015,P_MRTRK039,689330.419,1736685.939,240.227,WGS84_z48N,SURVEYED,OPTICAL,200,0,-90,12/29/2019,12/31/2019,Coaly,200,Steel casing,12/31/2019,,,JADE,RIG-36,MR,PQ; HQ,Y,Completed,
KCP,TRK,Non coring,MR19TRK016,P_MRTRK050,689057.967,1737534.617,234.358,WGS84_z48N,SURVEYED,OPTICAL,200,0,-90,12/29/2019,12/31/2019,Thin coal,199.95,Steel casing,1/31/2020,,,JADE,RIG-45,MR,PQ; HQ,AO,Completed,
KCP,TRK,Non coring,MR19TRK017,P_MRTRK046,689613.879,1737540.675,242.754,WGS84_z48N,SURVEYED,OPTICAL,200,0,-90,12/31/2019,1/3/2020,Coaly,199.99,Steel casing,1/3/2020,,,JADE,RIG-45,MR,PQ; HQ,AG,Completed,
KCP,TRK,Non coring,MR19TRK018,P_MRTRK047,689897.348,1737821.063,188.256,WGS84_z48N,SURVEYED,OPTICAL,200,0,-90,1/1/2020,1/2/2020,Thick coal,199.99,Steel casing,1/2/2020,,,JADE,RIG-47,MR,PQ; HQ,AG,Completed,
KCP,TRK,Non coring,MR19TRK019,P_MRTRK042,690177.494,1737540.049,194.758,WGS84_z48N,SURVEYED,OPTICAL,200,0,-90,12/31/2019,1/3/2020,Thin coal,199.99,Steel casing,1/3/2020,,,JADE,RIG-36,MR,PQ; HQ,Y,Completed,
KCP,TRK,Non coring,MR19TRK020,P_MRTRK035,690178.677,1736971.194,276.856,WGS84_z48N,SURVEYED,OPTICAL,200,0,-90,1/2/2020,1/3/2020,No coal,199.99,Steel casing,1/3/2020,,,JADE,RIG-33,MR,PQ; HQ,Q,Completed,
KCP,TRK,Non coring,MR19TRK021,P_MRTRK036,690458.945,1737261.266,209.321,WGS84_z48N,SURVEYED,OPTICAL,200,0,-90,1/3/2020,1/4/2020,Thick coal,200,Steel casing,1/4/2020,,,JADE,RIG-36,MR,PQ; HQ,Q,Completed,
KCP,TRK,Non coring,MR19TRK023,P_MRTRK028,690745.128,1736969.673,260.399,WGS84_z48N,SURVEYED,OPTICAL,200,0,-90,1/3/2020,1/4/2020,No coal,199.99,Steel casing,1/4/2020,,,JADE,RIG-45,MR,PQ; HQ,I,Completed,
KCP,TRK,Non coring,MR19TRK024,P_MRTRK021,691030.509,1736704.248,291.005,WGS84_z48N,SURVEYED,OPTICAL,200,0,-90,1/3/2020,1/4/2020,No coal,199.99,Steel casing,1/4/2020,,,JADE,RIG-33,MR,PQ; HQ,A,Completed,
KCP,TRK,Non coring,MR19TRK025,P_MRTRK032,689320.048,1736123.439,371.63,WGS84_z48N,SURVEYED,OPTICAL,60,0,-90,1/3/2020,1/5/2020,No coal,57.23,Steel casing,1/5/2020,,,JADE,RIG-34,MR,PQ; HQ,Q,Completed,
KCP,TRK,Non coring,MR19TRK026,P_MRTRK041,689897.191,1737262.964,224.433,WGS84_z48N,SURVEYED,OPTICAL,200,0,-90,1/4/2020,1/6/2020,Thick coal,199.99,Steel casing,1/5/2020,,,JADE,RIG-47,MR,PQ; HQ,Y,Completed,
KCP,TRK,Non coring,MR19TRK027,P_MRTRK020,690745.93,1736401.698,399.064,WGS84_z48N,SURVEYED,OPTICAL,200,0,-90,1/4/2020,1/6/2020,No coal,200,Steel casing,1/6/2020,,,JADE,RIG-33,MR,PQ; HQ,A,Completed,
KCP,TRK,Non coring,MR19TRK028,P_MRTRK027,690463.5,1736693.346,277.951,WGS84_z48N,SURVEYED,OPTICAL,200,0,-90,1/4/2020,1/6/2020,No coal,199.99,Steel casing,1/6/2020,,,JADE,RIG-45,MR,PQ; HQ,I,Completed,
KCP,TRK,Non coring,MR19TRK029,P_MRTRK031,691595.246,1737820.447,208.372,WGS84_z48N,SURVEYED,OPTICAL,254,0,-90,1/4/2020,1/6/2020,Thick coal,252.99,Steel casing,1/6/2020,,,JADE,RIG-36,MR,PQ; HQ,I,Completed,
KCP,TRK,Non coring,MR19TRK030,P_MRTRK034,689897.068,1736696.844,232.919,WGS84_z48N,SURVEYED,OPTICAL,200,0,-90,1/5/2020,1/8/2020,No coal,199.99,Steel casing,1/8/2020,,,JADE,RIG-47,MR,PQ; HQ,Q,Completed,
KCP,TRK,Non coring,MR19TRK031,P_MRTRK022,691306.894,1736983.625,316.437,WGS84_z48N,SURVEYED,OPTICAL,200,0,-90,1/6/2020,1/8/2020,Thick coal,199.99,Steel casing,1/8/2020,,,JADE,RIG-33,MR,PQ; HQ,A,Completed,
KCP,TRK,Non coring,MR19TRK032,P_MRTRK030,691312.207,1737541.755,295.774,WGS84_z48N,SURVEYED,OPTICAL,221,0,-90,1/6/2020,1/8/2020,Coaly,220.97,Steel casing,1/7/2020,,,JADE,RIG-36,MR,PQ; HQ,I,Completed,
KCP,TRK,Non coring,MR19TRK033,P_MRTRK026,690189.404,1736416.596,357.943,WGS84_z48N,SURVEYED,OPTICAL,200,0,-90,1/6/2020,1/8/2020,No coal,199.99,Steel casing,1/8/2020,,,JADE,RIG-45,MR,PQ; HQ,I,Completed,
KCP,TRK,Non coring,MR19TRK034,P_MRTRK040,689610.525,1736977.371,285.599,WGS84_z48N,SURVEYED,OPTICAL,200,0,-90,1/6/2020,1/7/2020,No coal,199.99,Steel casing,1/7/2020,,,JADE,RIG-34,MR,PQ; HQ,Y,Completed,
KCP,TRK,Non coring,MR20TRK035,P_MRTRK019,687917.32,1736415.384,214.048,WGS84_z48N,SURVEYED,OPTICAL,200,0,-90,1/7/2020,1/11/2020,No coal,199.99,Steel casing,1/11/2020,,,JADE,RIG-34,MR,PQ; HQ,AO,Completed,
KCP,TRK,Non coring,MR20TRK037,P_MRTRK023,691591.657,1737258.794,321.802,WGS84_z48N,SURVEYED,OPTICAL,200,0,-90,1/7/2020,1/8/2020,Coaly,194.99,Steel casing,1/8/2020,,,JADE,RIG-36,MR,PQ,A,Completed,
KCP,TRK,Non coring,MR20TRK038,P_MRTRK029,691023.845,1737254.295,246.74,WGS84_z48N,SURVEYED,OPTICAL,200,0,-90,1/8/2020,1/9/2020,No coal,199.98,Steel casing,1/9/2020,,,JADE,RIG-33,MR,PQ; HQ,I,Completed,
KCP,TRK,Non coring,MR20TRK039,P_MRTRK037,691033.53,1737829.478,259.397,WGS84_z48N,SURVEYED,OPTICAL,200,0,-90,1/9/2020,1/10/2020,No coal,199.99,Steel casing,1/10/2020,,,JADE,RIG-36,MR,PQ; HQ,Q,Completed,
KCP,TRK,Non coring,MR20TRK040,P_MRTRK015,688198.974,1736132.781,304.697,WGS84_z48N,SURVEYED,OPTICAL,200,0,-90,1/9/2020,1/10/2020,No coal,199.95,Steel casing,1/10/2020,,,JADE,RIG-47,MR,PQ; HQ,AG,Completed,
KCP,TRK,Non coring,MR20TRK041,P_MRTRK018,687635.486,1736131.498,279.474,WGS84_z48N,SURVEYED,OPTICAL,200,0,-90,1/9/2020,1/11/2020,No coal,199.98,Steel casing,1/11/2020,,,JADE,RIG-33,MR,PQ; HQ,AO,Completed,
KCP,TRK,Non coring,MR20TRK042,P_MRTRK010,688195.078,1735561.952,258.92,WGS84_z48N,SURVEYED,OPTICAL,200,0,-90,1/10/2020,1/12/2020,No coal,199.99,Steel casing,1/12/2020,,,JADE,RIG-36,MR,PQ; HQ,Y,Completed,
KCP,TRK,Non coring,MR20TRK043,P_MRTRK017,687353.137,1735848.175,264.324,WGS84_z48N,SURVEYED,OPTICAL,200,0,-90,1/12/2020,1/13/2020,No coal,199.99,Steel casing,1/13/2020,,,JADE,RIG-34,MR,PQ,AO,Completed,
KCP,TRK,Non coring,MR20TRK045,P_MRTRK013,687615.869,1735570.76,251.213,WGS84_z48N,SURVEYED,OPTICAL,200,0,-90,1/11/2020,1/13/2020,No coal,199.94,Steel casing,1/13/2020,,,JADE,RIG-45,MR,PQ; HQ,AG,Completed,
KCP,TRK,Non coring,MR20TRK046,P_MRTRK011,688480.389,1735847.748,379.902,WGS84_z48N,SURVEYED,OPTICAL,200,0,-90,1/13/2020,1/17/2020,Thin coal,199.99,Steel casing,1/17/2020,,,JADE,RIG-47,MR,PQ; HQ,Y,Completed,
KCP,TRK,Non coring,MR20TRK047,P_MRTRK007,688487.013,1735290.277,353.035,WGS84_z48N,SURVEYED,OPTICAL,200,0,-90,1/12/2020,1/14/2020,No coal,199.98,Steel casing,1/14/2020,,,JADE,RIG-36,MR,PQ; HQ,Q,Completed,
KCP,TRK,Non coring,MR20TRK048,P_MRTRK014,687907.592,1735854.541,222.218,WGS84_z48N,SURVEYED,OPTICAL,179,0,-90,1/15/2020,1/18/2020,Thick coal,178.99,Steel casing,1/18/2020,,,JADE,RIG-33,MR,PQ; HQ,AG,Completed,
KCP,TRK,Non coring,MR20TRK049,P_MRTRK006,688196.414,1735002.918,317.255,WGS84_z48N,SURVEYED,OPTICAL,200,0,-90,1/13/2020,1/14/2020,Coaly,199.99,Steel casing,1/14/2020,,,JADE,RIG-45,MR,PQ; HQ,Q,Completed,
KCP,TRK,Non coring,MR20TRK050,P_MRTRK004,689046.887,1735288.201,367.397,WGS84_z48N,SURVEYED,OPTICAL,200,0,-90,1/15/2020,1/16/2020,No coal,199.98,Steel casing,1/16/2020,,,JADE,RIG-36,MR,PQ; HQ,I,Completed,
KCP,TRK,Non coring,MR20TRK051,P_MRTRK002,688472.768,1734723.067,347.416,WGS84_z48N,SURVEYED,OPTICAL,200,0,-90,1/14/2020,1/16/2020,Thick coal,199.98,Steel casing,1/16/2020,,,JADE,RIG-45,MR,PQ,I,Completed,
KCP,TRK,Non coring,MR20TRK052,P_MRTRK016,687066.922,1735557.952,262.761,WGS84_z48N,SURVEYED,OPTICAL,200,0,-90,1/16/2020,1/17/2020,No coal,199.96,Steel casing,1/17/2020,,,JADE,RIG-45,MR,PQ; HQ,AO,Completed,
KCP,TRK,Non coring,MR20TRK053,P_MRTRK003,688765.74,1735005.047,407.104,WGS84_z48N,SURVEYED,OPTICAL,200,0,-90,1/16/2020,1/18/2020,No coal,199.99,Steel casing,1/18/2020,,,JADE,RIG-36,MR,PQ; HQ,I,Completed,
KCP,TRK,Non coring,MR20TRK054,P_MRTRK008,688763.144,1735568.278,459.968,WGS84_z48N,SURVEYED,OPTICAL,200,0,-90,1/18/2020,1/20/2020,No coal,199.98,Steel casing,1/20/2020,,,JADE,RIG-36,MR,PQ,Q,Completed,
KCP,TRK,Non coring,MR20TRK055,P_MRTRK192,689188.727,1738534.2,196.048,WGS84_z48N,SURVEYED,OPTICAL,200,0,-90,3/12/2020,3/13/2020,Thick coal,199.14,Steel casing,3/13/2020,,,JADE,RIG-40,MR,PQ; HQ,BA,Completed,
KCP,TRK,Non coring,MR20TRK056,P_MRTRK213,689187.061,1738814.595,194.368,WGS84_z48N,SURVEYED,OPTICAL,200,0,-90,3/12/2020,3/13/2020,Thick coal,199.29,Steel casing,3/13/2020,,,JADE,RIG-45,MR,PQ; HQ,BE,Completed,
KCP,TRK,Non coring,MR20TRK057,P_MRTRK212,688903.953,1738249.288,250.756,WGS84_z48N,SURVEYED,OPTICAL,200,0,-90,3/13/2020,3/15/2020,Thick coal,199.66,Steel casing,3/15/2020,,,JADE,RIG-45,MR,PQ; HQ,BA,Completed,
KCP,TRK,Non coring,MR20TRK058,P_MRTRK205,689477.238,1738255.676,243.97,WGS84_z48N,SURVEYED,OPTICAL,200,0,-90,3/14/2020,3/15/2020,Thick coal,199.77,Steel casing,3/15/2020,,,JADE,RIG-40,MR,PQ; HQ,AS,Completed,
KCP,TRK,Non coring,MR20TRK059,P_MRTRK201,689753.618,1737967.27,218.532,WGS84_z48N,SURVEYED,OPTICAL,221,0,-90,3/15/2020,3/16/2020,Thick coal,220.58,Steel casing,3/16/2020,,,JADE,RIG-45,MR,PQ; HQ,AK,Completed,
KCP,TRK,Non coring,MR20TRK060,P_MRTRK180,689188.378,1737682.507,193.284,WGS84_z48N,SURVEYED,OPTICAL,200,0,-90,3/15/2020,3/16/2020,Thick coal,199.87,Steel casing,3/16/2020,,,JADE,RIG-40,MR,PQ; HQ,AO,Completed,
KCP,TRK,Non coring,MR20TRK061,P_MRTRK186,689191.187,1737967.371,207.183,WGS84_z48N,SURVEYED,OPTICAL,200,0,-90,3/16/2020,3/17/2020,Thick coal,199.66,Steel casing,3/17/2020,,,JADE,RIG-45,MR,PQ; HQ,AS,Completed,
KCP,TRK,Non coring,MR20TRK062,P_MRTRK185,689047.448,1737823.034,234.533,WGS84_z48N,SURVEYED,OPTICAL,200,0,-90,3/16/2020,3/17/2020,Thick coal,199.76,Steel casing,3/17/2020,,,JADE,RIG-40,MR,PQ; HQ,AS,Completed,
KCP,TRK,Non coring,MR20TRK063,P_MRTRK184,688764.183,1737541.693,241.965,WGS84_z48N,SURVEYED,OPTICAL,200,0,-90,3/19/2020,3/20/2020,No coal,199.87,Steel casing,3/20/2020,,,JADE,RIG-40,MR,PQ; HQ,AS,Completed,
KCP,TRK,Non coring,MR20TRK064,P_MRTRK209,688905.205,1737966.71,213.216,WGS84_z48N,SURVEYED,OPTICAL,200,0,-90,3/18/2020,3/18/2020,Thick coal,199.62,Steel casing,3/18/2020,,,JADE,RIG-40,MR,PQ; HQ,AW,Completed,
KCP,TRK,Non coring,MR20TRK065,P_MRTRK198,690319.147,1737399.976,216.518,WGS84_z48N,SURVEYED,OPTICAL,200,0,-90,3/20/2020,3/21/2020,Thin coal,199.54,Steel casing,3/21/2020,,,JADE,RIG-40,MR,PQ; HQ,U,Completed,
KCP,TRK,Non coring,MR20TRK066,P_MRTRK199,690037.678,1737684.406,196.408,WGS84_z48N,SURVEYED,OPTICAL,200,0,-90,3/20/2020,3/21/2020,Thick coal,199.66,Steel casing,3/21/2020,,,JADE,RIG-45,MR,PQ; HQ,AC,Completed,
KCP,TRK,Non coring,MR20TRK067,P_MRTRK197,690598.605,1737394.853,222.984,WGS84_z48N,SURVEYED,OPTICAL,200,0,-90,3/21/2020,3/22/2020,Thick coal,199.68,Steel casing,3/22/2020,,,JADE,RIG-40,MR,PQ; HQ,Q,Completed,
KCP,TRK,Non coring,MR20TRK068,P_MRTRK136,690599.693,1737117.221,195.037,WGS84_z48N,SURVEYED,OPTICAL,150,0,-90,3/21/2020,3/22/2020,Thin coal,149.99,Steel casing,3/22/2020,,,JADE,RIG-45,MR,PQ; HQ,M,Completed,
KCP,TRK,Non coring,MR20TRK069,P_MRTRK137,690744.396,1737257.349,213.389,WGS84_z48N,SURVEYED,OPTICAL,200,0,-90,3/22/2020,3/24/2020,Thick coal,199.87,Steel casing,3/24/2020,,,JADE,RIG-40,MR,PQ; HQ,M,Completed,
KCP,TRK,Non coring,MR20TRK070,P_MRTRK125,690886.678,1737117.008,217.518,WGS84_z48N,SURVEYED,OPTICAL,150,0,-90,3/22/2020,3/22/2020,Thick coal,149.81,Steel casing,3/22/2020,,,JADE,RIG-45,MR,PQ; HQ,I,Completed,
KCP,TRK,Non coring,MR20TRK071,P_MRTRK195,691734.615,1737965.889,188.378,WGS84_z48N,SURVEYED,OPTICAL,200,0,-90,3/23/2020,3/24/2020,No coal,199.29,Steel casing,3/24/2020,,,JADE,RIG-45,MR,PQ; HQ,I,Completed,
KCP,TRK,Non coring,MR20TRK072,P_MRTRK138,690887.634,1737400.64,218.481,WGS84_z48N,SURVEYED,OPTICAL,200,0,-90,3/24/2020,3/25/2020,Thick coal,198.62,Steel casing,3/25/2020,,,JADE,RIG-40,MR,PQ; HQ,M,Completed,
KCP,TRK,Non coring,MR20TRK073,P_MRTRK141,691313.464,1737826.406,225.659,WGS84_z48N,SURVEYED,OPTICAL,200,0,-90,3/24/2020,3/26/2020,No coal,199.99,Steel casing,3/26/2020,,,JADE,RIG-45,MR,PQ,M,Completed,
KCP,TRK,Non coring,MR20TRK074,P_MRTRK120,691591.86,1737541.613,285.116,WGS84_z48N,SURVEYED,OPTICAL,200,0,-90,3/26/2020,3/28/2020,Thick coal,198.99,Steel casing,3/28/2020,,,JADE,RIG-40,MR,PQ; HQ,E,Completed,
KCP,TRK,Non coring,MR20TRK075,P_MRTRK196,691449.684,1737965.799,247.692,WGS84_z48N,SURVEYED,OPTICAL,200,0,-90,3/26/2020,3/27/2020,No coal,199.67,Steel casing,3/27/2020,,,JADE,RIG-45,MR,PQ; HQ,M,Completed,
KCP,TRK,Non coring,MR20TRK076,P_MRTRK193,691733.283,1737683.802,236.855,WGS84_z48N,SURVEYED,OPTICAL,200,0,-90,3/28/2020,3/30/2020,No coal,199.87,Steel casing,3/30/2020,,,JADE,RIG-40,MR,PQ; HQ,E,Completed,
KCP,TRK,Non coring,MR20TRK077,P_MRTRK140,691167.735,1737685.246,294.235,WGS84_z48N,SURVEYED,OPTICAL,200,0,-90,3/27/2020,3/28/2020,Thick coal,199.91,Steel casing,3/28/2020,,,JADE,RIG-45,MR,PQ; HQ,M,Completed,
KCP,TRK,Non coring,MR20TRK078,P_MRTRK152,690038.652,1737119.194,219.609,WGS84_z48N,SURVEYED,OPTICAL,200,0,-90,3/29/2020,3/30/2020,No coal,199.37,Steel casing,3/30/2020,,,JADE,RIG-34,MR,PQ; HQ,U,Completed,
KCP,TRK,Non coring,MR20TRK079,P_MRTRK126,691167.956,1737401.147,281.887,WGS84_z48N,SURVEYED,OPTICAL,212,0,-90,3/28/2020,3/30/2020,Thin coal,211.45,Steel casing,3/30/2020,,,JADE,RIG-45,MR,PQ; HQ,I,Completed,
KCP,TRK,Non coring,MR20TRK080,P_MRTRK194,691874.953,1737824.038,214.696,WGS84_z48N,SURVEYED,OPTICAL,200,0,-90,3/30/2020,4/1/2020,No coal,199.1,Steel casing,4/1/2020,,,JADE,RIG-40,MR,PQ; HQ,E,Completed,
