HoleID,Depth,Dir,Dip,SurveyEquip
DD20TRK001,0,0,-90,CAMERA
DD20TRK002,0,0,-90,CAMERA
DD20TRK003,0,0,-90,CAMERA
DD20TRK004,0,0,-90,CAMERA
DD20TRK005,0,0,-90,CAMERA
DD20TRK006,0,0,-90,CAMERA
DD20TRK007,0,0,-90,CAMERA
DD20TRK008,0,0,-90,CAMERA
DD20TRK010,0,0,-90,CAMERA
DD20TRK011,0,45,-60,CAMERA
DD20TRK011,50,45.4,-60.7,CAMERA
DD20TRK011,100,42.4,-60.7,CAMERA
DD20TRK011,150,44.4,-60.3,CAMERA
DD20TRK011,200,44.8,-59.1,CAMERA
DD20TRK011,250,46,-58.2,CAMERA
DD20TRK011,300,44.8,-58.2,CAMERA
DD20TRK012,0,45,-60,CAMERA
DD20TRK012,50,44.6,-61,CAMERA
DD20TRK012,100,46.6,-61,CAMERA
DD20TRK012,150,45.9,-60.7,CAMERA
DD20TRK012,200,45.6,-61.7,CAMERA
DD20TRK012,255,45.2,-62.2,CAMERA
DD20TRK013,0,45,-60,CAMERA
DD20TRK013,50,44.7,-62.1,CAMERA
DD20TRK013,100,44.4,-62.4,CAMERA
DD20TRK013,150,45.7,-61.9,CAMERA
DD20TRK013,200,46,-61.5,CAMERA
DD20TRK013,250,46,-61.6,CAMERA
DD20TRK014,0,45,-60,CAMERA
DD20TRK014,50,44.5,-59.8,CAMERA
DD20TRK014,100,43.3,-60.2,CAMERA
DD20TRK014,150,43,-58.6,CAMERA
DD20TRK014,200,44.1,-58,CAMERA
DD20TRK014,250,41.6,-58.9,CAMERA
DD20TRK014,300,44,-58.8,CAMERA
DD20TRK015,0,45,-60,CAMERA
DD20TRK015,50,47.2,-61.7,CAMERA
DD20TRK015,100,45.8,-62.1,CAMERA
DD20TRK015,150,45.4,-62,CAMERA
DD20TRK015,200,45.6,-62.3,CAMERA
DD20TRK015,250,43.9,-62.3,CAMERA
DD20TRK017,0,45,-60,CAMERA
DD20TRK017,50,44.4,-61.1,CAMERA
DD20TRK017,100,46.5,-61.2,CAMERA
DD20TRK017,150,45.1,-61,CAMERA
DD20TRK017,250,43.8,-59.8,CAMERA
DD20TRK017,280,43.2,-59.3,CAMERA
DD20TRK018,0,224,-60,CAMERA
DD20TRK018,50,224.8,-60.4,CAMERA
DD20TRK018,100,223.6,-60.6,CAMERA
DD20TRK018,150,222.8,-60,CAMERA
DD20TRK018,200,222,-60.2,CAMERA
DD20TRK019,0,45,-60,CAMERA
DD20TRK019,50,44.8,-60.5,CAMERA
DD20TRK019,100,43.9,-61,CAMERA
DD20TRK019,150,44,-61.5,CAMERA
DD20TRK019,200,42.9,-61.6,CAMERA
DD20TRK020,0,45,-60,CAMERA
DD20TRK020,50,45.6,-60.5,CAMERA
DD20TRK020,100,44.4,-61.2,CAMERA
DD20TRK020,150,45,-61.5,CAMERA
DD20TRK020,200,44.8,-60.4,CAMERA
DD20TRK020,250,40.8,-61,CAMERA
DD20TRK021,0,45,-60,CAMERA
DD20TRK021,50,42.9,-60.6,CAMERA
DD20TRK021,100,41.3,-60.3,CAMERA
DD20TRK022,0,45,-60,CAMERA
DD20TRK022,50,45.9,-61.1,CAMERA
DD20TRK022,100,46.3,-59.7,CAMERA
DD20TRK022,150,46.2,-59.6,CAMERA
DD20TRK022,200,46.7,-59,CAMERA
DD20TRK022,250,46.7,-59,CAMERA
DD20TRK022,300,45.4,-56.5,CAMERA
DD20TRK024,0,45,-60,GEOPHLOG
DD20TRK024,50,48.43,-59.89,GEOPHLOG
DD20TRK024,100,50.36,-59.64,GEOPHLOG
DD20TRK025,0,45,-70,GEOPHLOG
DD20TRK025,50,46.03,-70.26,GEOPHLOG
DD20TRK025,100,45.88,-70.07,GEOPHLOG
DD20TRK025,150,42.81,-70.4,GEOPHLOG
DD20TRK026,0,45,-60,GEOPHLOG
DD20TRK027,0,45,-60,GEOPHLOG
DD20TRK027,50,47.2,-56.99,GEOPHLOG
DD20TRK027,100,45.29,-57.2,GEOPHLOG
DD20TRK029,0,225,-60,CAMERA
DD20TRK029,50,224.5,-59.58,CAMERA
DD20TRK029,100,225,-59.85,CAMERA
DD20TRK029,150,225.9,-59.27,CAMERA
DD20TRK029,175,225.15,-59.59,CAMERA
DD20TRK030,0,225,-60,CAMERA
DD20TRK030,50,225.28,-59.58,CAMERA
DD20TRK030,100,225.17,-59.85,CAMERA
DD20TRK030,150,224.9,-58.46,CAMERA
DD20TRK031,0,45,-60,CAMERA
DD20TRK031,50,45.57,-59.48,CAMERA
DD20TRK031,100,44.5,-58.21,CAMERA
DD20TRK031,150,43.36,-59.05,CAMERA
DD20TRK032,0,225,-60,CAMERA
DD20TRK032,50,227.09,-59.64,CAMERA
DD20TRK032,100,225.46,-59.35,CAMERA
DD20TRK032,150,224.46,-59.66,CAMERA
DD20TRK032,190,224.8,-59.73,CAMERA
DD20TRK033,0,45,-60,CAMERA
DD20TRK033,50,43.29,-58.64,CAMERA
DD20TRK033,100,43.25,-58.4,CAMERA
DD20TRK033,140,43.51,-58.2,CAMERA
DD20TRK034,0,225,-60,CAMERA
DD20TRK034,50,221.75,-59.12,CAMERA
DD20TRK034,100,222.35,-59.68,CAMERA
DD20TRK034,130,221.01,-59.34,CAMERA
DD20TRK035,0,45,-60,CAMERA
DD20TRK035,50,45.18,-57.95,CAMERA
DD20TRK035,100,44.61,-58.91,CAMERA
DD20TRK035,150,43.71,-59.52,CAMERA
DD20TRK035,200,42.69,-59.86,CAMERA
DD20TRK035,225,43.8,-59.55,CAMERA
DD20TRK036,0,45,-60,CAMERA
DD20TRK036,50,45.71,-59.56,CAMERA
DD20TRK036,100,45.21,-59,CAMERA
DD20TRK036,150,45.26,-59.83,CAMERA
DD20TRK036,170,44.82,-58.79,CAMERA
DD20TRK037,0,45,-60,CAMERA
DD20TRK037,50,43.7,-59.07,CAMERA
DD20TRK037,100,42.2,-59.09,CAMERA
DD20TRK037,145,43.43,-60.51,CAMERA
DD20TRK038,0,225,-60,CAMERA
DD20TRK038,50,225.61,-59.53,CAMERA
DD20TRK038,100,225.95,-58.48,CAMERA
DD20TRK039,0,45,-60,GEOPHLOG
DD20TRK039,50,47.1,-59.93,GEOPHLOG
DD20TRK039,100,45.4,-59.93,GEOPHLOG
DD20TRK039,150,45.4,-58.93,GEOPHLOG
DD20TRK039,184,47.11,-59.25,GEOPHLOG
DD20TRK040,0,45,-60,GEOPHLOG
DD20TRK040,50,44.62,-60.37,GEOPHLOG
DD20TRK040,100,44.38,-61.1,GEOPHLOG
DD20TRK040,150,45.4,-62.15,GEOPHLOG
DD20TRK040,200,46.89,-62.15,GEOPHLOG
DD20TRK040,250,43.3,-61.62,GEOPHLOG
DD20TRK040,270,44.87,-61.96,GEOPHLOG
DD20TRK041,0,45,-60,CAMERA
DD20TRK041,50,48.45,-62.01,CAMERA
DD20TRK041,100,48.22,-62.63,CAMERA
DD20TRK041,150,50.13,-62.04,CAMERA
DD20TRK041,180,50.88,-61.66,CAMERA
DD20TRK042,0,225,-60,GEOPHLOG
DD20TRK042,50,220.04,-59.98,GEOPHLOG
DD20TRK042,100,226.7,-59.74,GEOPHLOG
DD20TRK042,150,227.8,-59.74,GEOPHLOG
DD20TRK042,180,228.09,-59.06,GEOPHLOG
DD20TRK043,0,45,-60,GEOPHLOG
DD20TRK043,50,48.9,-59.1,GEOPHLOG
DD20TRK043,100,50.71,-60.6,GEOPHLOG
DD20TRK044,0,45,-60,GEOPHLOG
DD20TRK044,50,46.14,-58.19,GEOPHLOG
DD20TRK044,100,46.1,-58.79,GEOPHLOG
DD20TRK044,125,46.8,-57.19,GEOPHLOG
DD20TRK045,0,225,-60,GEOPHLOG
DD20TRK045,50,225.31,-59.12,GEOPHLOG
DD20TRK045,100,226.1,-58.1,GEOPHLOG
DD20TRK045,125,227.17,-59.82,GEOPHLOG
DD20TRK046,0,225,-60,GEOPHLOG
DD20TRK046,50,225.27,-59.05,GEOPHLOG
DD20TRK046,75,224.41,-59.11,GEOPHLOG
DD20TRK047,0,0,-90,CAMERA
DD21TRK048,0,225,-60,CAMERA
DD21TRK048,50,223.95,-59.04,CAMERA
DD21TRK048,100,224.11,-60.6,CAMERA
DD21TRK048,150,222.94,-59.82,CAMERA
DD21TRK049,0,45,-60,CAMERA
DD21TRK049,50,43.31,-58.57,CAMERA
DD21TRK049,95,44.64,-57.35,CAMERA
DD21TRK050,0,225,-60,CAMERA
DD21TRK050,50,222.16,-59.52,CAMERA
DD21TRK050,100,222.17,-60.97,CAMERA
DD21TRK050,150,220.72,-61.36,CAMERA
DD21TRK051,0,45,-70,CAMERA
DD21TRK051,50,41.4,-68.6,CAMERA
DD21TRK051,100,40.57,-69.19,CAMERA
DD21TRK051,150,44.69,-68.67,CAMERA
DD21TRK052,0,45,-60,CAMERA
DD21TRK052,50,45.58,-59.78,CAMERA
DD21TRK052,100,45.9,-59.3,CAMERA
DD21TRK052,150,45.37,-59.21,CAMERA
DD21TRK052,200,43.52,-59.77,CAMERA
DD21TRK053,0,45,-70,GEOPHLOG
DD21TRK053,50,43.45,-69.15,GEOPHLOG
DD21TRK053,100,43.05,-69.53,GEOPHLOG
DD21TRK053,150,45.03,-69.36,GEOPHLOG
DD21TRK053,200,44.62,-68.57,GEOPHLOG
DD21TRK054,0,45,-60,GEOPHLOG
DD21TRK054,50,43.41,-60.89,GEOPHLOG
DD21TRK054,100,43.88,-61.22,GEOPHLOG
DD21TRK054,150,43.73,-61.83,GEOPHLOG
DD21TRK054,190,44.09,-61.57,GEOPHLOG
DD21TRK055,0,45,-60,CAMERA
DD21TRK055,50,38.19,-61.51,CAMERA
DD21TRK055,100,40.63,-59.2,CAMERA
DD21TRK055,150,37.94,-61.12,CAMERA
DD21TRK055,200,39.22,-59.73,CAMERA
DD21TRK055,250,40.9,-59.16,CAMERA
DD21TRK055,300,41.31,-59.09,CAMERA
DD21TRK055,339,39.55,-58.72,CAMERA
DD21TRK056,0,45,-60,CAMERA
DD21TRK056,50,41.47,-61.76,CAMERA
DD21TRK056,100,40.98,-61.5,CAMERA
DD21TRK057,0,0,-90,CAMERA
DD21TRK058,0,45,-60,CAMERA
DD21TRK058,50,46.18,-59.4,CAMERA
DD21TRK058,100,47.2,-58,CAMERA
DD21TRK058,150,46.97,-58.96,CAMERA
DD21TRK058,189,47.26,-59.35,CAMERA
DD21TRK059,0,45,-70,CAMERA
DD21TRK059,50,44.09,-68.56,CAMERA
DD21TRK059,100,41.8,-68.72,CAMERA
DD21TRK059,150,43.53,-67.17,CAMERA
DD21TRK059,200,42.42,-68.73,CAMERA
DD21TRK059,240,44.6,-68.26,CAMERA
DD21TRK060,0,45,-60,CAMERA
DD21TRK060,50,44.87,-59.48,CAMERA
DD21TRK060,100,45.61,-59.62,CAMERA
DD21TRK060,150,45.46,-59.26,CAMERA
DD21TRK060,200,43.6,-59.24,CAMERA
DD21TRK061,0,45,-60,CAMERA
DD21TRK061,50,42.7,-62.24,CAMERA
DD21TRK061,100,40.84,-61.66,CAMERA
DD21TRK062,0,45,-60,GEOPHLOG
DD21TRK062,50,40.77,-61.24,GEOPHLOG
DD21TRK062,100,38.3,-61.34,GEOPHLOG
DD21TRK062,150,37.7,-61.01,GEOPHLOG
DD21TRK062,200,36.99,-61.68,GEOPHLOG
DD21TRK062,250,36.8,-61.15,GEOPHLOG
DD21TRK062,300,34.88,-59.8,GEOPHLOG
DD21TRK063,0,45,-60,CAMERA
DD21TRK063,50,49.3,-59.39,CAMERA
DD21TRK063,100,47.17,-59.51,CAMERA
DD21TRK063,150,47.65,-61.01,CAMERA
DD21TRK063,200,45.7,-61.01,CAMERA
DD21TRK063,250,44.4,-61.29,CAMERA
DD21TRK064,0,45,-60,GEOPHLOG
DD21TRK064,50,45.9,-59.35,GEOPHLOG
DD21TRK064,100,46.2,-59.48,GEOPHLOG
DD21TRK064,150,46.81,-59.42,GEOPHLOG
DD21TRK064,200,45.84,-59.81,GEOPHLOG
DD21TRK065,0,45,-60,GEOPHLOG
DD21TRK065,50,44.55,-59.84,GEOPHLOG
DD21TRK065,100,43.76,-60.02,GEOPHLOG
DD21TRK065,150,44.06,-60.43,GEOPHLOG
DD21TRK065,195,44.15,-60.52,GEOPHLOG
DD21TRK067,0,45,-60,GEOPHLOG
DD21TRK067,50,42.55,-61.42,GEOPHLOG
DD21TRK067,100,42.6,-59.65,GEOPHLOG
DD21TRK068,0,45,-60,GEOPHLOG
DD21TRK068,50,47.61,-58.8,GEOPHLOG
DD21TRK068,100,48,-58.67,GEOPHLOG
DD21TRK068,150,47.8,-59.37,GEOPHLOG
DD21TRK068,195,47.51,-60.43,GEOPHLOG
DD21TRK070,0,45,-60,GEOPHLOG
DD21TRK070,50,41.53,-61.65,GEOPHLOG
DD21TRK070,100,41.7,-61.81,GEOPHLOG
DD21TRK070,150,42.43,-60.91,GEOPHLOG
DD21TRK071,0,45,-70,GEOPHLOG
DD21TRK071,50,44.85,-69.78,GEOPHLOG
DD21TRK071,100,41.85,-70.46,GEOPHLOG
DD21TRK071,150,42.07,-71.48,GEOPHLOG
DD21TRK071,200,40.23,-71.1,GEOPHLOG
DD21TRK072,0,45,-60,GEOPHLOG
DD21TRK072,50,46.41,-56.5,GEOPHLOG
DD21TRK072,100,45.71,-56.2,GEOPHLOG
DD21TRK072,150,45.14,-56.65,GEOPHLOG
DD21TRK072,200,42.97,-56.65,GEOPHLOG
DD21TRK072,250,42.32,-57.13,GEOPHLOG
DD21TRK072,300,42.4,-56.75,GEOPHLOG
DD21TRK073,0,45,-60,CAMERA
DD21TRK073,50,43.8,-61.44,CAMERA
DD21TRK073,100,45.66,-61.8,CAMERA
DD21TRK073,150,45.16,-61.15,CAMERA
DD21TRK073,200,46.33,-61.55,CAMERA
DD21TRK073,250,45.88,-61.61,CAMERA
DD21TRK073,270,44.1,-61.7,CAMERA
DD21TRK074,0,45,-60,CAMERA
DD21TRK074,50,44.08,-58.67,CAMERA
DD21TRK074,100,43.9,-58.81,CAMERA
DD21TRK074,145,44.17,-58.66,CAMERA
DD21TRK075,0,45,-60,CAMERA
DD21TRK075,50,42.28,-61.28,CAMERA
DD21TRK075,94,41.1,-62.08,CAMERA
DD21TRK076,0,45,-60,CAMERA
DD21TRK076,50,44.13,-59.44,CAMERA
DD21TRK076,100,43.52,-59.67,CAMERA
DD21TRK076,150,46.02,-59.83,CAMERA
DD21TRK077,0,45,-60,CAMERA
DD21TRK077,50,44.14,-60.96,CAMERA
DD21TRK077,100,43.72,-62.68,CAMERA
DD21TRK077,150,42.35,-63.8,CAMERA
DD21TRK077,200,42.62,-65.16,CAMERA
DD21TRK077,245,44.78,-64.57,CAMERA
DD21TRK078,0,0,-90,GEOPHLOG
DD21TRK079,0,45,-60,CAMERA
DD21TRK080,0,45,-60,GEOPHLOG
DD21TRK080,50,42.83,-61.14,GEOPHLOG
DD21TRK080,100,41.57,-61.59,GEOPHLOG
DD21TRK080,150,39.28,-61.25,GEOPHLOG
DD21TRK080,200,37.97,-61.2,GEOPHLOG
DD21TRK081,0,45,-70,CAMERA
DD21TRK081,50,46.2,-72.24,CAMERA
DD21TRK081,100,46.92,-70.6,CAMERA
DD21TRK082,0,225,-60,CAMERA
DD21TRK082,50,225.99,-59.44,CAMERA
DD21TRK082,100,224.96,-61.34,CAMERA
DD21TRK082,150,226.4,-61.4,CAMERA
DD21TRK083,0,45,-60,CAMERA
DD21TRK083,50,47.03,-56.47,CAMERA
DD21TRK083,100,41.84,-57.33,CAMERA
DD21TRK083,150,43.23,-54.62,CAMERA
DD21TRK085,0,45,-60,GEOPHLOG
DD21TRK085,50,45.26,-61.86,GEOPHLOG
DD21TRK085,80,43.88,-62.24,GEOPHLOG
DD21TRK086,0,225,-60,GEOPHLOG
DD21TRK086,50,227.84,-53.62,GEOPHLOG
DD21TRK086,95,219.27,-54.68,GEOPHLOG
DD21TRK087,0,45,-60,CAMERA
DD21TRK087,50,43.87,-57.37,CAMERA
DD21TRK087,100,40.23,-58.68,CAMERA
DD21TRK087,150,41.69,-58.44,CAMERA
DD21TRK087,190,39.5,-56.78,CAMERA
DD21TRK088,0,45,-60,CAMERA
DD21TRK088,50,47.52,-57.1,CAMERA
DD21TRK088,100,41.4,-55.82,CAMERA
DD21TRK090,0,225,-60,GEOPHLOG
DD21TRK090,50,228.35,-55.87,GEOPHLOG
DD21TRK090,100,227.72,-55.87,GEOPHLOG
DD21TRK090,150,227.15,-55.74,GEOPHLOG
DD21TRK091,0,45,-60,GEOPHLOG
DD21TRK091,50,49.84,-56.16,GEOPHLOG
DD21TRK091,100,45.1,-55.51,GEOPHLOG
DD21TRK091,150,48.78,-55,GEOPHLOG
DD21TRK091,190,46.28,-56.7,GEOPHLOG
DD21TRK092,0,45,-60,CAMERA
DD21TRK092,50,45.86,-54.88,CAMERA
DD21TRK092,100,42.33,-55.4,CAMERA
DD21TRK092,148,43.24,-57.32,CAMERA
DD21TRK093,0,225,-70,CAMERA
DD21TRK093,50,230.62,-62.64,CAMERA
DD21TRK093,100,226.18,-62.74,CAMERA
DD21TRK093,150,230.43,-62.52,CAMERA
DD21TRK093,200,227.6,-62.2,CAMERA
DD21TRK095,0,45,-60,GEOPHLOG
DD21TRK095,50,45.32,-65.75,GEOPHLOG
DD21TRK095,100,43.3,-64.82,GEOPHLOG
DD21TRK096,0,45,-60,GEOPHLOG
DD21TRK096,50,44.32,-64.75,GEOPHLOG
DD21TRK096,100,42.7,-63.44,GEOPHLOG
DD21TRK097,0,45,-60,GEOPHLOG
DD21TRK097,50,47.87,-55.4,GEOPHLOG
DD21TRK097,100,42.59,-56.24,GEOPHLOG
DD21TRK097,150,42,-55.85,GEOPHLOG
DD21TRK098,0,45,-60,GEOPHLOG
DD21TRK098,50,47.02,-59.36,GEOPHLOG
DD21TRK098,100,45.83,-59.72,GEOPHLOG
DD21TRK098,150,43.5,-58.32,GEOPHLOG
DD21TRK100,0,0,-90,GEOPHLOG
DD21TRK101,0,45,-60,GEOPHLOG
DD21TRK101,50,44.76,-61.44,GEOPHLOG
DD21TRK101,100,44.61,-61.84,GEOPHLOG
DD21TRK101,145,45.11,-62.55,GEOPHLOG
DD21TRK102,0,45,-60,GEOPHLOG
DD21TRK102,50,50.83,-59.67,GEOPHLOG
DD21TRK102,100,53.93,-60.14,GEOPHLOG
DD21TRK102,150,46.06,-58.84,GEOPHLOG
DD21TRK102,185,43.6,-57.63,GEOPHLOG
DD21TRK103,0,45,-60,GEOPHLOG
DD21TRK103,50,48.24,-55.27,GEOPHLOG
DD21TRK103,100,45.29,-55.88,GEOPHLOG
DD21TRK105,0,45,-60,GEOPHLOG
DD21TRK105,50,47.87,-55.2,GEOPHLOG
DD21TRK105,100,42.66,-54.55,GEOPHLOG
DD21TRK105,150,40.81,-54.4,GEOPHLOG
DD21TRK105,185,40.2,-56.3,GEOPHLOG
DD21TRK106,0,45,-60,GEOPHLOG
DD21TRK106,50,36.14,-56.41,GEOPHLOG
DD21TRK106,100,38.4,-55.77,GEOPHLOG
DD21TRK106,150,37.2,-56.17,GEOPHLOG
DD21TRK106,169,37.9,-55.43,GEOPHLOG
DD21TRK107,0,0,-90,GEOPHLOG
DD21TRK108,0,45,-60,GEOPHLOG
DD21TRK108,180,47.3,-57.3,GEOPHLOG
DD21TRK108,200,47.6,-57.3,GEOPHLOG
DD21TRK109,0,225,-65,GEOPHLOG
DD21TRK111,0,45,-60,GEOPHLOG
DD21TRK111,50,47.96,-61.17,GEOPHLOG
DD21TRK111,100,45.39,-57.67,GEOPHLOG
DD21TRK111,150,46.76,-58.93,GEOPHLOG
DD21TRK111,200,46.75,-59.33,GEOPHLOG
DD21TRK111,250,45.91,-51.66,GEOPHLOG
DD21TRK112,0,0,-90,GEOPHLOG
DD21TRK113,0,45,-60,GEOPHLOG
DD21TRK113,30,46.3,-62,GEOPHLOG
DD21TRK113,60,45.5,-62.4,GEOPHLOG
DD21TRK113,90,46.5,-62.6,GEOPHLOG
DD21TRK113,120,45.7,-62.6,GEOPHLOG
DD21TRK113,150,42.7,-62.7,GEOPHLOG
DD21TRK113,180,44.5,-63.5,GEOPHLOG
DD21TRK113,206,43.3,-63.5,GEOPHLOG
DD21TRK114,0,45,-60,CAMERA
DD21TRK114,30,43.8,-62,CAMERA
DD21TRK114,60,43.7,-62,CAMERA
DD21TRK114,90,43.7,-62,CAMERA
DD21TRK115,0,45,-60,GEOPHLOG
DD21TRK116,0,45,-60,GEOPHLOG
DD21TRK116,50,44.3,-59.4,GEOPHLOG
DD21TRK116,100,43.8,-59.7,GEOPHLOG
DD21TRK116,150,46.5,-59.7,GEOPHLOG
DD21TRK116,200,44,-59.4,GEOPHLOG
DD21TRK116,250,42.72,-59.01,GEOPHLOG
DD21TRK116,292,41.47,-58.4,GEOPHLOG
DD21TRK117,0,45,-60,GEOPHLOG
DD21TRK117,50,44.75,-59.06,GEOPHLOG
DD21TRK117,100,45.33,-60,GEOPHLOG
DD21TRK117,150,43.75,-59.29,GEOPHLOG
DD21TRK117,200,45.1,-58.36,GEOPHLOG
DD21TRK118,0,45,-60,GEOPHLOG
DD21TRK118,30,45.5,-59.2,GEOPHLOG
DD21TRK118,60,46,-59.9,GEOPHLOG
DD21TRK118,90,46.6,-59,GEOPHLOG
DD21TRK118,120,46.7,-59.5,GEOPHLOG
DD21TRK118,150,46,-58.2,GEOPHLOG
DD21TRK118,180,47.3,-57.7,GEOPHLOG
DD21TRK118,210,47.8,-56.6,GEOPHLOG
DD21TRK119,0,135,-60,GEOPHLOG
DD21TRK119,30,140,-60.1,GEOPHLOG
DD21TRK119,50,138.1,-60.2,GEOPHLOG
DD21TRK119,100,137.3,-60.7,GEOPHLOG
DD21TRK119,150,136.9,-60.7,GEOPHLOG
DD21TRK119,200,136.4,-60.2,GEOPHLOG
DD21TRK122,0,135,-60,CAMERA
DD21TRK122,30,139.2,-59.3,CAMERA
DD21TRK122,60,138.3,-59.6,CAMERA
DD21TRK122,90,137.62,-58.84,CAMERA
DD21TRK123,0,45,-60,CAMERA
DD21TRK123,30,45.44,-59.83,CAMERA
DD21TRK123,60,47.16,-59.97,CAMERA
DD21TRK123,90,45.71,-61.39,CAMERA
DD21TRK123,120,46.2,-61.63,CAMERA
DD21TRK123,150,45.35,-61.23,CAMERA
DD21TRK123,180,45.76,-59.83,CAMERA
DD21TRK123,210,46,-61.18,CAMERA
DD21TRK123,240,45.1,-61.89,CAMERA
DD22TRK124,0,0,-90,CAMERA
DD22TRK125,0,135,-60,CAMERA
DD22TRK125,30,142.3,-62.29,CAMERA
DD22TRK125,50,140.19,-62.43,CAMERA
DD22TRK125,100,140.89,-61.6,CAMERA
DD22TRK125,150,139.97,-61.72,CAMERA
DD22TRK125,200,139.26,-61.77,CAMERA
DD22TRK125,250,139.63,-61.14,CAMERA
DD22TRK126,0,135,-60,CAMERA
DD22TRK126,30,121.05,-59.03,CAMERA
DD22TRK126,50,122.37,-58.92,CAMERA
DD22TRK126,100,122.21,-59.79,CAMERA
DD22TRK126,150,122.5,-61.19,CAMERA
DD22TRK126,200,122.8,-61.42,CAMERA
DD22TRK127,0,135,-60,CAMERA
DD22TRK127,30,124.2,-62.05,CAMERA
DD22TRK127,50,124.3,-62.3,CAMERA
DD22TRK127,100,121.97,-62.67,CAMERA
DD22TRK127,150,120.56,-63.15,CAMERA
DD22TRK127,190,118.11,-64.52,CAMERA
DD22TRK128,0,135,-60,CAMERA
DD22TRK128,30,132.8,-61.33,CAMERA
DD22TRK128,50,132.73,-61.03,CAMERA
DD22TRK128,100,132.02,-61.73,CAMERA
DD22TRK128,150,130.3,-61.11,CAMERA
DD22TRK128,185,130.91,-60.9,CAMERA
DD22TRK129,0,45,-60,CAMERA
DD22TRK129,30,44.6,-61.22,CAMERA
DD22TRK129,50,44.54,-61.21,CAMERA
DD22TRK129,100,44,-61.64,CAMERA
DD22TRK129,150,44.95,-61.89,CAMERA
DD22TRK129,200,43.16,-62.87,CAMERA
DD22TRK130,0,0,-90,CAMERA
DD22TRK131,0,45,-60,CAMERA
DD22TRK131,30,45.92,-60.64,CAMERA
DD22TRK131,60,46.28,-61.15,CAMERA
DD22TRK131,90,46.5,-61.8,CAMERA
DD22TRK131,120,46.8,-61.8,CAMERA
DD22TRK131,150,46.8,-61.7,CAMERA
DD22TRK131,180,46.4,-61.8,CAMERA
DD22TRK131,200,46.5,-62.7,CAMERA
DD22TRK133,0,0,-90,CAMERA
DD22TRK134,0,0,-90,CAMERA
DD22TRK135,0,135,-60,CAMERA
DD22TRK135,30,135.3,-60.1,CAMERA
DD22TRK135,60,134.8,-60.4,CAMERA
DD22TRK135,90,133.9,-61.2,CAMERA
DD22TRK135,120,133.2,-60.5,CAMERA
DD22TRK135,150,133.2,-60.3,CAMERA
DD22TRK135,210,130.8,-61.1,CAMERA
DD22TRK135,240,130.6,-60.6,CAMERA
DD22TRK137,0,45,-60,CAMERA
DD22TRK137,30,45.5,-59.8,CAMERA
DD22TRK137,60,45.1,-60.2,CAMERA
DD22TRK137,90,45.1,-60.2,CAMERA
DD22TRK137,120,45.1,-60.4,CAMERA
DD22TRK137,150,45.2,-60.5,CAMERA
DD22TRK137,180,46.3,-60,CAMERA
DD22TRK137,200,45.5,-60.1,CAMERA
DD22TRK138,0,45,-60,CAMERA
DD22TRK138,30,45.6,-61.6,CAMERA
DD22TRK138,60,45.6,-62.5,CAMERA
DD22TRK138,90,46.3,-63,CAMERA
DD22TRK138,120,46.9,-63,CAMERA
DD22TRK138,150,48.3,-63,CAMERA
DD22TRK138,170,48.2,-63,CAMERA
DD22TRK140,0,45,-60,CAMERA
DD22TRK140,30,47.6,-59.5,CAMERA
DD22TRK140,60,48.5,-59.7,CAMERA
DD22TRK140,80,48.1,-59.7,CAMERA
DD22TRK140,120,50.1,-59.8,CAMERA
DD22TRK140,150,50.6,-59.3,CAMERA
DD22TRK141,0,45,-60,CAMERA
DD22TRK141,30,44.1,-58.8,CAMERA
DD22TRK141,60,45,-59.2,CAMERA
DD22TRK141,90,44.1,-59.2,CAMERA
DD22TRK141,120,43.9,-59.3,CAMERA
DD22TRK141,180,44,-59.2,CAMERA
DD22TRK141,210,42.8,-59.4,CAMERA
DD22TRK141,230,43,-59.3,CAMERA
DD22TRK141,240,42.9,-59.4,CAMERA
DD22TRK141,270,42.9,-59.4,CAMERA
DD22TRK141,300,42.7,-59.6,CAMERA
DD22TRK142,0,0,-90,CAMERA
DD22TRK143,0,45,-60,CAMERA
DD22TRK143,30,45.3,-60.6,CAMERA
DD22TRK143,60,45.3,-60.4,CAMERA
DD22TRK143,90,43.4,-60.9,CAMERA
DD22TRK143,120,42.1,-61.2,CAMERA
MR19TRK001,0,0,-90,CAMERA
MR19TRK002,0,0,-90,CAMERA
MR19TRK003,0,0,-90,CAMERA
MR19TRK004,0,0,-90,CAMERA
MR19TRK005,0,0,-90,CAMERA
MR19TRK006,0,0,-90,CAMERA
MR19TRK007,0,0,-90,CAMERA
MR19TRK008,0,0,-90,CAMERA
MR19TRK009,0,0,-90,CAMERA
MR19TRK010,0,0,-90,CAMERA
MR19TRK011,0,0,-90,CAMERA
MR19TRK012,0,0,-90,CAMERA
MR19TRK013,0,0,-90,CAMERA
MR19TRK014,0,0,-90,CAMERA
MR19TRK015,0,0,-90,CAMERA
MR19TRK016,0,0,-90,CAMERA
MR19TRK017,0,0,-90,CAMERA
MR19TRK018,0,0,-90,CAMERA
MR19TRK019,0,0,-90,CAMERA
MR19TRK020,0,0,-90,CAMERA
MR19TRK021,0,0,-90,CAMERA
MR19TRK023,0,0,-90,CAMERA
MR19TRK024,0,0,-90,CAMERA
MR19TRK025,0,0,-90,CAMERA
MR19TRK026,0,0,-90,CAMERA
MR19TRK027,0,0,-90,CAMERA
MR19TRK028,0,0,-90,CAMERA
MR19TRK029,0,0,-90,CAMERA
MR19TRK030,0,0,-90,CAMERA
MR19TRK031,0,0,-90,CAMERA
MR19TRK032,0,0,-90,CAMERA
MR19TRK033,0,0,-90,CAMERA
MR19TRK034,0,0,-90,CAMERA
MR20TRK035,0,0,-90,CAMERA
MR20TRK037,0,0,-90,CAMERA
MR20TRK038,0,0,-90,CAMERA
MR20TRK039,0,0,-90,CAMERA
MR20TRK040,0,0,-90,CAMERA
MR20TRK041,0,0,-90,CAMERA
MR20TRK042,0,0,-90,CAMERA
MR20TRK043,0,0,-90,CAMERA
MR20TRK045,0,0,-90,CAMERA
MR20TRK046,0,0,-90,CAMERA
MR20TRK047,0,0,-90,CAMERA
MR20TRK048,0,0,-90,CAMERA
MR20TRK049,0,0,-90,CAMERA
MR20TRK050,0,0,-90,CAMERA
MR20TRK051,0,0,-90,CAMERA
MR20TRK052,0,0,-90,CAMERA
MR20TRK053,0,0,-90,CAMERA
MR20TRK054,0,0,-90,CAMERA
MR20TRK055,0,0,-90,CAMERA
MR20TRK056,0,0,-90,CAMERA
MR20TRK057,0,0,-90,CAMERA
MR20TRK058,0,0,-90,CAMERA
MR20TRK059,0,0,-90,CAMERA
MR20TRK060,0,0,-90,CAMERA
MR20TRK061,0,0,-90,CAMERA
MR20TRK062,0,0,-90,CAMERA
MR20TRK063,0,0,-90,CAMERA
MR20TRK064,0,0,-90,CAMERA
MR20TRK065,0,0,-90,CAMERA
MR20TRK066,0,0,-90,CAMERA
MR20TRK067,0,0,-90,CAMERA
MR20TRK068,0,0,-90,CAMERA
MR20TRK069,0,0,-90,CAMERA
MR20TRK070,0,0,-90,CAMERA
MR20TRK071,0,0,-90,CAMERA
MR20TRK072,0,0,-90,CAMERA
MR20TRK073,0,0,-90,CAMERA
MR20TRK074,0,0,-90,CAMERA
MR20TRK075,0,0,-90,CAMERA
MR20TRK076,0,0,-90,CAMERA
MR20TRK077,0,0,-90,CAMERA
MR20TRK078,0,0,-90,CAMERA
MR20TRK079,0,0,-90,CAMERA
MR20TRK080,0,0,-90,CAMERA
