Sample Site Name,Actual X,Actual Y,Actual Z
DD20TRK001,689335.98,1738388.65,216.98
DD20TRK001,689335.98,1738388.65,-29.02
DD20TRK002,689618.36,1738105.28,208.23
DD20TRK002,689618.36,1738105.28,92.23
DD20TRK003,688620.84,1737391.40,205.38
DD20TRK003,688620.84,1737391.40,45.38
DD20TRK004,689033.84,1738119.81,218.09
DD20TRK004,689033.84,1738119.81,16.79
DD20TRK005,689895.04,1737822.08,188.24
DD20TRK005,689895.04,1737822.08,28.24
DD20TRK006,689050.93,1738675.82,212.62
DD20TRK006,689050.93,1738675.82,12.62
DD20TRK007,690460.71,1737261.90,209.59
DD20TRK007,690460.71,1737261.90,76.59
DD20TRK008,689896.39,1737266.36,224.28
DD20TRK008,689896.39,1737266.36,24.28
DD20TRK009,691593.59,1737817.84,208.38
DD20TRK009,691593.59,1737817.84,21.88
DD20TRK010,691590.37,1737812.78,208.38
DD20TRK010,691590.37,1737812.78,-10.72
DD20TRK011,689754.65,1737684.05,200.24
DD20TRK011,689772.32,1737701.72,156.93
DD20TRK011,689789.75,1737718.90,113.33
DD20TRK011,689806.25,1737736.97,69.73
DD20TRK011,689823.58,1737754.67,26.30
DD20TRK011,689841.67,1737772.89,-16.61
DD20TRK011,689860.62,1737791.20,-59.10
DD20TRK011,689860.66,1737791.23,-59.19
DD20TRK012,689471.38,1737966.82,210.01
DD20TRK012,689489.05,1737984.50,166.70
DD20TRK012,689506.07,1738001.76,122.97
DD20TRK012,689523.69,1738018.41,79.24
DD20TRK012,689541.26,1738035.44,35.64
DD20TRK012,689559.89,1738053.68,-12.79
DD20TRK012,689559.89,1738053.68,-12.79
DD20TRK013,689613.90,1737823.86,211.35
DD20TRK013,689631.57,1737841.53,168.05
DD20TRK013,689648.03,1737858.16,123.86
DD20TRK013,689664.24,1737874.71,79.55
DD20TRK013,689681.09,1737891.16,35.45
DD20TRK013,689698.25,1737907.74,-8.49
DD20TRK013,689701.33,1737910.71,-16.41
DD20TRK014,689188.43,1738248.42,255.25
DD20TRK014,689206.11,1738266.09,211.95
DD20TRK014,689223.73,1738284.03,168.73
DD20TRK014,689240.78,1738302.12,125.35
DD20TRK014,689258.54,1738321.17,82.67
DD20TRK014,689276.98,1738340.20,40.27
DD20TRK014,689294.13,1738359.51,-2.55
DD20TRK014,689294.13,1738359.51,-2.55
DD20TRK015,689046.11,1738390.37,247.19
DD20TRK015,689063.78,1738408.04,203.89
DD20TRK015,689081.18,1738424.15,159.86
DD20TRK015,689097.95,1738440.46,115.68
DD20TRK015,689114.66,1738456.94,71.53
DD20TRK015,689131.27,1738473.20,27.26
DD20TRK015,689139.42,1738481.68,4.86
DD20TRK016,689181.98,1737678.97,193.43
DD20TRK016,689164.31,1737661.29,150.12
DD20TRK016,689148.04,1737643.73,106.23
DD20TRK016,689145.59,1737640.88,99.16
DD20TRK017,689330.47,1738107.30,237.04
DD20TRK017,689348.14,1738124.98,193.74
DD20TRK017,689365.05,1738142.24,149.97
DD20TRK017,689382.52,1738158.82,106.15
DD20TRK017,689416.87,1738193.04,18.69
DD20TRK017,689427.31,1738203.94,-7.24
DD20TRK017,689427.31,1738203.94,-7.24
DD20TRK018,689181.98,1737678.97,193.43
DD20TRK018,689164.62,1737660.98,150.12
DD20TRK018,689147.21,1737643.46,106.65
DD20TRK018,689130.29,1737625.68,63.09
DD20TRK018,689113.30,1737607.34,19.79
DD20TRK018,689113.30,1737607.34,19.79
DD20TRK019,689895.95,1737544.52,217.23
DD20TRK019,689913.63,1737562.20,173.93
DD20TRK019,689930.98,1737579.67,130.41
DD20TRK019,689947.78,1737597.13,86.68
DD20TRK019,689964.36,1737614.29,42.74
DD20TRK019,689965.00,1737614.99,40.98
DD20TRK020,690036.87,1737400.14,189.39
DD20TRK020,690054.55,1737417.81,146.09
DD20TRK020,690072.14,1737435.04,102.57
DD20TRK020,690089.00,1737452.25,58.76
DD20TRK020,690105.87,1737469.12,14.81
DD20TRK020,690123.27,1737486.64,-28.66
DD20TRK020,690124.54,1737488.11,-32.16
DD20TRK021,691593.37,1737813.53,208.20
DD20TRK021,691611.05,1737831.21,164.90
DD20TRK021,691627.76,1737849.19,121.34
DD20TRK021,691632.50,1737854.59,108.74
DD20TRK022,691451.43,1737680.85,245.93
DD20TRK022,691469.11,1737698.52,202.63
DD20TRK022,691486.46,1737715.34,158.85
DD20TRK022,691504.70,1737732.77,115.68
DD20TRK022,691522.96,1737750.28,72.56
DD20TRK022,691541.70,1737767.94,29.70
DD20TRK022,691560.45,1737785.60,-13.16
DD20TRK022,691560.45,1737785.60,-13.16
DD20TRK023,689261.11,1738179.45,266.92
DD20TRK023,689326.87,1738245.21,105.84
DD20TRK024,689115.12,1738601.85,216.83
DD20TRK024,689132.80,1738619.53,173.53
DD20TRK024,689151.56,1738636.18,130.28
DD20TRK024,689159.35,1738642.62,113.02
DD20TRK025,688976.62,1738602.90,225.90
DD20TRK025,688988.71,1738614.99,178.91
DD20TRK025,689000.86,1738626.72,131.85
DD20TRK025,689013.10,1738638.58,84.84
DD20TRK025,689029.35,1738656.13,17.68
DD20TRK026,689258.52,1738185.28,267.55
DD20TRK026,689328.52,1738255.28,96.08
DD20TRK027,689119.97,1738746.33,213.40
DD20TRK027,689137.65,1738764.01,170.10
DD20TRK027,689157.63,1738782.52,128.17
DD20TRK027,689164.76,1738789.57,112.62
DD20TRK028,689049.36,1738531.79,219.23
DD20TRK028,689081.71,1738564.14,139.99
DD20TRK029,688975.73,1738881.09,201.08
DD20TRK029,688958.05,1738863.41,157.78
DD20TRK029,688940.31,1738845.35,114.66
DD20TRK029,688922.55,1738827.59,71.42
DD20TRK029,688913.38,1738818.70,49.93
DD20TRK029,688911.58,1738816.92,45.62
DD20TRK030,689045.95,1738813.67,212.27
DD20TRK030,689028.28,1738795.99,168.97
DD20TRK030,689010.29,1738778.17,125.85
DD20TRK030,688992.48,1738760.47,82.61
DD20TRK030,688992.48,1738760.47,82.61
DD20TRK031,689400.36,1738320.69,246.83
DD20TRK031,689418.04,1738338.37,203.52
DD20TRK031,689436.17,1738356.14,160.45
DD20TRK031,689454.63,1738374.93,117.95
DD20TRK031,689455.69,1738376.05,115.38
DD20TRK032,688973.07,1738742.07,204.38
DD20TRK032,688955.39,1738724.39,161.08
DD20TRK032,688936.88,1738707.19,117.94
DD20TRK032,688918.71,1738689.31,74.92
DD20TRK032,688904.56,1738674.89,40.40
DD20TRK032,688903.14,1738673.46,36.95
DD20TRK033,689192.68,1738673.22,219.46
DD20TRK033,689210.35,1738690.89,176.16
DD20TRK033,689228.20,1738709.83,133.47
DD20TRK033,689242.56,1738725.10,99.40
DD20TRK033,689243.46,1738726.06,97.27
DD20TRK034,689115.09,1738883.22,203.24
DD20TRK034,689097.41,1738865.54,159.93
DD20TRK034,689080.32,1738846.40,117.02
DD20TRK034,689070.12,1738835.20,91.12
DD20TRK034,689069.22,1738834.17,88.80
DD20TRK035,689330.22,1738250.12,244.61
DD20TRK035,689347.90,1738267.80,201.31
DD20TRK035,689366.72,1738286.50,158.93
DD20TRK035,689384.85,1738304.88,116.11
DD20TRK035,689402.37,1738323.21,73.02
DD20TRK035,689410.89,1738332.44,51.40
DD20TRK035,689412.64,1738334.27,47.09
DD20TRK036,688976.28,1738463.50,221.16
DD20TRK036,688993.96,1738481.18,177.86
DD20TRK036,689012.09,1738498.86,134.75
DD20TRK036,689030.37,1738517.01,91.89
DD20TRK036,689037.51,1738524.08,74.60
DD20TRK036,689056.50,1738543.20,30.13
DD20TRK037,689261.18,1738458.67,218.50
DD20TRK037,689278.86,1738476.35,175.20
DD20TRK037,689296.62,1738494.93,132.31
DD20TRK037,689312.14,1738512.06,93.70
DD20TRK037,689316.20,1738516.35,83.26
DD20TRK038,689183.20,1738953.42,195.76
DD20TRK038,689165.52,1738935.74,152.46
DD20TRK038,689147.41,1738918.00,109.37
DD20TRK038,689146.65,1738917.27,107.66
DD20TRK039,689123.45,1738461.67,210.31
DD20TRK039,689141.13,1738479.35,167.00
DD20TRK039,689159.48,1738496.40,123.73
DD20TRK039,689177.32,1738514.00,80.46
DD20TRK039,689189.81,1738526.32,51.34
DD20TRK039,689190.56,1738527.01,49.62
DD20TRK040,689188.97,1738392.10,250.89
DD20TRK040,689206.65,1738409.78,207.59
DD20TRK040,689224.01,1738427.37,164.12
DD20TRK040,689240.91,1738444.64,120.35
DD20TRK040,689257.54,1738461.04,76.14
DD20TRK040,689274.59,1738477.00,31.93
DD20TRK040,689281.11,1738483.92,14.34
DD20TRK040,689286.32,1738489.15,0.48
DD20TRK041,689051.98,1738527.14,219.62
DD20TRK041,689069.66,1738544.82,176.31
DD20TRK041,689087.22,1738560.38,132.16
DD20TRK041,689104.36,1738575.70,87.76
DD20TRK041,689115.16,1738584.72,61.26
DD20TRK041,689116.26,1738585.61,58.62
DD20TRK042,688978.77,1738819.56,205.32
DD20TRK042,688961.09,1738801.89,162.02
DD20TRK042,688945.00,1738782.73,118.73
DD20TRK042,688926.66,1738765.45,75.54
DD20TRK042,688915.46,1738755.30,49.63
DD20TRK042,688912.02,1738752.21,41.91
DD20TRK043,689370.24,1738430.43,226.27
DD20TRK043,689387.92,1738448.11,182.96
DD20TRK043,689407.27,1738464.99,140.06
DD20TRK043,689407.65,1738465.30,139.19
DD20TRK044,689331.14,1738532.97,197.34
DD20TRK044,689348.81,1738550.65,154.03
DD20TRK044,689367.82,1738568.91,111.54
DD20TRK044,689377.15,1738577.89,90.16
DD20TRK044,689379.92,1738580.49,84.28
DD20TRK045,689047.17,1738885.30,203.41
DD20TRK045,689029.49,1738867.62,160.11
DD20TRK045,689011.25,1738849.57,117.19
DD20TRK045,689001.73,1738840.41,95.97
DD20TRK045,688999.89,1738838.70,91.65
DD20TRK046,689331.37,1738605.39,190.03
DD20TRK046,689313.70,1738587.71,146.73
DD20TRK046,689304.56,1738578.66,125.29
DD20TRK046,689290.55,1738564.36,91.82
DD20TRK047,689252.82,1738310.45,212.52
DD20TRK047,689252.82,1738310.45,-60.48
DD21TRK048,689117.35,1738956.46,199.67
DD21TRK048,689099.67,1738938.78,156.37
DD21TRK048,689081.82,1738920.26,113.49
DD21TRK048,689064.74,1738902.64,69.93
DD21TRK048,689062.68,1738900.43,64.75
DD21TRK049,689294.90,1738498.22,204.61
DD21TRK049,689312.58,1738515.90,161.31
DD21TRK049,689328.67,1738532.97,122.91
DD21TRK049,689330.19,1738534.51,119.54
DD21TRK050,689012.69,1738780.25,212.52
DD21TRK050,688995.01,1738762.58,169.21
DD21TRK050,688977.98,1738743.78,126.12
DD21TRK050,688961.70,1738725.79,82.41
DD21TRK050,688960.76,1738724.70,79.77
DD21TRK051,689532.86,1738310.21,230.51
DD21TRK051,689544.95,1738322.31,183.53
DD21TRK051,689557.01,1738335.99,136.98
DD21TRK051,689568.57,1738349.48,90.24
DD21TRK051,689569.84,1738350.78,85.58
DD21TRK052,689684.92,1738037.83,227.18
DD21TRK052,689702.59,1738055.51,183.88
DD21TRK052,689720.57,1738073.12,140.68
DD21TRK052,689738.90,1738090.89,97.69
DD21TRK052,689757.12,1738108.87,54.73
DD21TRK052,689758.50,1738110.33,51.28
DD21TRK053,689542.90,1738038.83,217.39
DD21TRK053,689555.00,1738050.92,170.41
DD21TRK053,689567.23,1738063.84,123.68
DD21TRK053,689579.17,1738076.61,76.84
DD21TRK053,689591.64,1738089.07,30.05
DD21TRK053,689594.21,1738091.67,20.74
DD21TRK054,689539.18,1738176.53,242.73
DD21TRK054,689556.86,1738194.21,199.43
DD21TRK054,689573.57,1738211.88,155.75
DD21TRK054,689590.26,1738229.23,111.92
DD21TRK054,689603.31,1738242.88,76.66
DD21TRK054,689605.47,1738245.10,70.94
DD21TRK055,689117.96,1738321.68,255.82
DD21TRK055,689135.63,1738339.36,212.51
DD21TRK055,689150.38,1738358.11,168.57
DD21TRK055,689167.05,1738377.54,125.62
DD21TRK055,689181.90,1738396.58,81.84
DD21TRK055,689197.84,1738416.11,38.66
DD21TRK055,689214.62,1738435.48,-4.27
DD21TRK055,689227.84,1738450.53,-37.74
DD21TRK055,689230.82,1738454.13,-45.43
DD21TRK056,689685.32,1738176.86,204.91
DD21TRK056,689703.00,1738194.54,161.61
DD21TRK056,689718.66,1738212.27,117.56
DD21TRK056,689718.73,1738212.34,117.38
DD21TRK057,689471.55,1738391.13,237.87
DD21TRK057,689471.55,1738391.13,75.87
DD21TRK058,689755.88,1738108.20,200.65
DD21TRK058,689773.55,1738125.87,157.35
DD21TRK058,689791.92,1738143.50,114.32
DD21TRK058,689811.36,1738161.50,71.91
DD21TRK058,689826.06,1738175.22,38.50
DD21TRK058,689826.06,1738175.22,38.50
DD21TRK059,689402.37,1738178.97,260.31
DD21TRK059,689414.46,1738191.06,213.33
DD21TRK059,689427.18,1738204.19,166.79
DD21TRK059,689439.27,1738217.71,120.19
DD21TRK059,689452.63,1738231.78,74.11
DD21TRK059,689462.42,1738242.49,36.84
DD21TRK059,689463.20,1738243.28,34.05
DD21TRK060,689612.74,1737968.08,199.24
DD21TRK060,689630.41,1737985.76,155.93
DD21TRK060,689648.33,1738003.76,112.86
DD21TRK060,689666.40,1738021.45,69.73
DD21TRK060,689684.61,1738039.37,26.75
DD21TRK060,689684.97,1738039.74,25.89
DD21TRK061,689827.05,1737897.01,190.68
DD21TRK061,689844.73,1737914.69,147.38
DD21TRK061,689860.52,1737931.80,103.13
DD21TRK061,689860.52,1737931.80,103.13
DD21TRK062,689192.46,1738112.19,262.58
DD21TRK062,689210.13,1738129.87,219.28
DD21TRK062,689225.84,1738148.08,175.45
DD21TRK062,689240.71,1738166.90,131.58
DD21TRK062,689255.53,1738186.08,87.84
DD21TRK062,689269.80,1738205.02,43.82
DD21TRK062,689284.25,1738224.34,0.03
DD21TRK062,689295.47,1738240.44,-33.68
DD21TRK063,689542.21,1737895.33,224.41
DD21TRK063,689559.89,1737913.01,181.10
DD21TRK063,689579.19,1737929.61,138.07
DD21TRK063,689597.80,1737946.86,94.99
DD21TRK063,689615.71,1737963.18,51.25
DD21TRK063,689633.05,1737980.11,7.52
DD21TRK063,689639.27,1737986.46,-8.71
DD21TRK064,689745.08,1737812.63,182.86
DD21TRK064,689762.76,1737830.31,139.56
DD21TRK064,689781.06,1737848.05,96.54
DD21TRK064,689799.39,1737865.62,53.47
DD21TRK064,689817.94,1737883.03,10.42
DD21TRK064,689824.79,1737889.69,-6.00
DD21TRK065,689683.22,1737898.38,204.01
DD21TRK065,689700.89,1737916.06,160.70
DD21TRK065,689718.52,1737933.96,117.47
DD21TRK065,689735.80,1737952.01,74.16
DD21TRK065,689751.24,1737967.97,35.02
DD21TRK065,689752.95,1737969.73,30.67
DD21TRK066,689684.47,1737755.71,183.08
DD21TRK066,689738.56,1737809.80,50.58
DD21TRK067,689805.06,1738015.57,214.03
DD21TRK067,689822.73,1738033.25,170.73
DD21TRK067,689838.91,1738050.87,126.82
DD21TRK067,689838.91,1738050.87,126.82
DD21TRK068,689707.81,1738135.62,198.54
DD21TRK068,689725.48,1738153.29,155.23
DD21TRK068,689744.61,1738170.75,112.47
DD21TRK068,689763.93,1738188.15,69.76
DD21TRK068,689780.92,1738203.55,31.03
DD21TRK068,689782.74,1738205.22,26.69
DD21TRK069,689690.75,1737760.91,182.81
DD21TRK069,689755.45,1737825.61,24.33
DD21TRK070,689610.89,1738177.99,213.49
DD21TRK070,689628.57,1738195.67,170.19
DD21TRK070,689644.31,1738213.44,126.19
DD21TRK070,689660.02,1738231.08,82.12
DD21TRK070,689660.02,1738231.08,82.12
DD21TRK071,689827.61,1737751.58,193.34
DD21TRK071,689839.71,1737763.68,146.36
DD21TRK071,689851.89,1737775.93,99.44
DD21TRK071,689863.05,1737788.38,52.32
DD21TRK071,689873.69,1737800.17,4.91
DD21TRK071,689875.78,1737802.65,-4.55
DD21TRK072,689552.72,1737752.37,194.33
DD21TRK072,689570.40,1737770.05,151.03
DD21TRK072,689590.39,1737789.08,109.34
DD21TRK072,689610.30,1737808.50,67.79
DD21TRK072,689629.78,1737827.89,26.02
DD21TRK072,689648.52,1737848.00,-15.74
DD21TRK072,689666.79,1737868.07,-57.74
DD21TRK072,689674.18,1737876.16,-74.46
DD21TRK073,689596.98,1737686.01,182.26
DD21TRK073,689614.66,1737703.68,138.95
DD21TRK073,689631.21,1737720.94,95.04
DD21TRK073,689648.10,1737737.45,50.97
DD21TRK073,689665.21,1737754.46,7.18
DD21TRK073,689682.44,1737770.91,-36.78
DD21TRK073,689689.27,1737777.53,-54.38
DD21TRK073,689690.92,1737779.23,-58.78
DD21TRK074,689648.99,1738001.42,207.62
DD21TRK074,689666.67,1738019.10,164.32
DD21TRK074,689684.75,1738037.77,121.61
DD21TRK074,689700.91,1738054.57,83.12
DD21TRK074,689703.09,1738056.80,77.99
DD21TRK075,689896.95,1737683.47,201.48
DD21TRK075,689914.63,1737701.14,158.18
DD21TRK075,689928.86,1737716.79,119.60
DD21TRK075,689959.33,1737751.72,32.12
DD21TRK076,689787.54,1737929.99,206.14
DD21TRK076,689805.22,1737947.67,162.84
DD21TRK076,689822.92,1737965.91,119.78
DD21TRK076,689840.31,1737984.22,76.63
DD21TRK076,689842.48,1737986.32,71.44
DD21TRK077,689683.13,1737615.69,215.86
DD21TRK077,689700.81,1737633.37,172.56
DD21TRK077,689717.71,1737650.78,128.84
DD21TRK077,689733.57,1737667.37,84.42
DD21TRK077,689748.44,1737683.68,39.56
DD21TRK077,689761.24,1737697.59,-1.28
DD21TRK077,689778.27,1737714.75,-52.13
DD21TRK078,689134.55,1738849.78,206.10
DD21TRK078,689134.55,1738849.78,33.10
DD21TRK079,689826.92,1737617.97,221.33
DD21TRK079,689874.65,1737665.70,104.41
DD21TRK080,689471.93,1737824.54,188.07
DD21TRK080,689489.61,1737842.21,144.77
DD21TRK080,689506.01,1737859.91,100.98
DD21TRK080,689521.80,1737877.71,57.00
DD21TRK080,689537.02,1737896.33,13.17
DD21TRK080,689571.05,1737939.92,-87.43
DD21TRK081,689967.61,1737612.44,198.55
DD21TRK081,689979.70,1737624.53,151.57
DD21TRK081,689990.71,1737635.09,103.95
DD21TRK081,690039.96,1737681.15,-87.52
DD21TRK082,689027.43,1738724.20,217.85
DD21TRK082,689009.75,1738706.52,174.55
DD21TRK082,688991.47,1738688.86,131.49
DD21TRK082,688974.53,1738671.89,87.62
DD21TRK082,688974.53,1738671.89,87.62
DD21TRK083,689179.23,1738732.06,195.77
DD21TRK083,689196.91,1738749.74,152.46
DD21TRK083,689217.12,1738768.56,110.78
DD21TRK083,689235.12,1738788.67,68.69
DD21TRK083,689236.31,1738789.94,66.25
DD21TRK084,689756.13,1737542.54,221.59
DD21TRK084,689824.01,1737610.42,55.31
DD21TRK085,689149.49,1738779.26,210.23
DD21TRK085,689167.16,1738796.94,166.93
DD21TRK085,689177.21,1738806.90,140.47
DD21TRK085,689177.54,1738807.23,139.59
DD21TRK086,689049.92,1738675.31,212.87
DD21TRK086,689032.25,1738657.63,169.57
DD21TRK086,689012.46,1738639.72,133.34
DD21TRK086,689010.63,1738637.48,129.26
DD21TRK087,689758.81,1737548.96,221.51
DD21TRK087,689776.49,1737566.64,178.20
DD21TRK087,689795.18,1737586.07,136.10
DD21TRK087,689811.96,1737605.92,93.38
DD21TRK087,689825.89,1737621.55,59.30
DD21TRK087,689859.93,1737662.85,-22.43
DD21TRK088,689181.38,1738595.39,211.36
DD21TRK088,689199.06,1738613.07,168.05
DD21TRK088,689219.09,1738631.41,126.07
DD21TRK088,689224.29,1738637.31,114.49
DD21TRK089,689092.21,1738791.01,217.59
DD21TRK089,689043.24,1738742.04,97.65
DD21TRK090,689087.31,1738785.16,217.60
DD21TRK090,689069.63,1738767.49,174.30
DD21TRK090,689048.67,1738748.84,132.91
DD21TRK090,689027.91,1738729.97,91.53
DD21TRK090,689015.53,1738718.48,66.73
DD21TRK091,689824.32,1737470.39,265.24
DD21TRK091,689841.99,1737488.06,221.93
DD21TRK091,689863.27,1737506.02,180.40
DD21TRK091,689883.33,1737526.01,139.19
DD21TRK091,689900.59,1737541.13,106.43
DD21TRK091,689910.90,1737550.99,84.70
DD21TRK092,689154.92,1738637.78,215.98
DD21TRK092,689172.59,1738655.46,172.68
DD21TRK092,689193.24,1738675.49,131.78
DD21TRK092,689211.59,1738695.64,92.27
DD21TRK092,689213.07,1738697.21,88.90
DD21TRK093,689223.38,1738920.64,195.46
DD21TRK093,689211.29,1738908.54,148.47
DD21TRK093,689193.53,1738893.97,104.07
DD21TRK093,689177.01,1738878.11,59.62
DD21TRK093,689159.22,1738863.41,15.26
DD21TRK093,689152.33,1738857.12,-2.43
DD21TRK094,689077.20,1738634.35,200.39
DD21TRK094,689124.57,1738681.72,84.34
DD21TRK095,689080.90,1738638.07,200.17
DD21TRK095,689098.57,1738655.75,156.87
DD21TRK095,689113.18,1738670.19,111.28
DD21TRK095,689132.38,1738690.56,51.74
DD21TRK096,689029.85,1738577.65,203.76
DD21TRK096,689047.52,1738595.33,160.45
DD21TRK096,689062.43,1738610.59,115.23
DD21TRK096,689093.05,1738643.77,24.89
DD21TRK097,689697.74,1737768.26,183.40
DD21TRK097,689715.42,1737785.93,140.10
DD21TRK097,689736.47,1737804.98,98.94
DD21TRK097,689755.28,1737825.44,57.37
DD21TRK097,689793.22,1737867.57,-26.21
DD21TRK098,689012.79,1738495.57,214.73
DD21TRK098,689030.46,1738513.24,171.43
DD21TRK098,689049.11,1738530.62,128.41
DD21TRK098,689067.19,1738548.18,85.23
DD21TRK098,689085.26,1738567.23,42.69
DD21TRK099,689118.97,1738534.89,210.38
DD21TRK099,689169.88,1738585.80,85.67
DD21TRK100,689273.24,1738553.18,194.40
DD21TRK100,689273.24,1738553.18,95.40
DD21TRK101,689220.84,1738495.51,217.00
DD21TRK101,689238.52,1738513.19,173.70
DD21TRK101,689255.35,1738530.16,129.78
DD21TRK101,689270.26,1738545.28,90.11
DD21TRK101,689271.90,1738546.91,85.67
DD21TRK102,689123.49,1738536.12,210.54
DD21TRK102,689141.17,1738553.80,167.24
DD21TRK102,689160.74,1738569.74,124.08
DD21TRK102,689180.86,1738584.40,80.72
DD21TRK102,689193.90,1738596.97,50.77
DD21TRK102,689203.87,1738607.44,27.96
DD21TRK103,689609.84,1738245.59,223.45
DD21TRK103,689627.52,1738263.26,180.15
DD21TRK103,689648.77,1738282.23,139.06
DD21TRK103,689656.74,1738290.13,122.50
DD21TRK104,689134.59,1738847.17,206.27
DD21TRK104,689134.59,1738847.17,23.27
DD21TRK105,689541.05,1738109.36,230.76
DD21TRK105,689558.73,1738127.04,187.46
DD21TRK105,689579.89,1738146.18,146.40
DD21TRK105,689599.54,1738167.51,105.67
DD21TRK105,689612.86,1738182.93,77.21
DD21TRK105,689618.52,1738189.63,64.06
DD21TRK106,689701.87,1737983.46,220.66
DD21TRK106,689719.54,1738001.14,177.36
DD21TRK106,689735.86,1738023.48,135.71
DD21TRK106,689753.33,1738045.52,94.37
DD21TRK106,689759.72,1738053.94,78.59
DD21TRK106,689760.84,1738055.38,75.95
DD21TRK107,689089.03,1738786.64,217.59
DD21TRK107,689089.03,1738786.64,-13.41
DD21TRK108,689639.31,1738055.64,208.55
DD21TRK108,689702.94,1738119.28,52.66
DD21TRK108,689710.89,1738126.61,35.83
DD21TRK108,689710.89,1738126.61,35.83
DD21TRK109,689118.69,1738744.56,212.94
DD21TRK109,689067.83,1738693.70,58.69
DD21TRK110,689050.87,1738461.76,240.30
DD21TRK110,689136.22,1738547.11,31.24
DD21TRK111,689050.89,1738467.92,240.04
DD21TRK111,689068.56,1738485.60,196.74
DD21TRK111,689086.47,1738501.74,152.94
DD21TRK111,689105.51,1738520.52,110.69
DD21TRK111,689124.30,1738538.20,67.86
DD21TRK111,689142.88,1738555.67,24.85
DD21TRK111,689146.31,1738559.00,18.81
DD21TRK112,689251.37,1738666.21,218.99
DD21TRK112,689251.37,1738666.21,98.99
DD21TRK113,689188.71,1738462.43,229.54
DD21TRK113,689199.31,1738473.04,203.56
DD21TRK113,689209.49,1738482.77,177.07
DD21TRK113,689219.41,1738492.51,150.49
DD21TRK113,689229.42,1738502.02,123.85
DD21TRK113,689239.30,1738511.66,97.22
DD21TRK113,689248.63,1738521.77,70.56
DD21TRK113,689256.77,1738530.04,47.29
DD21TRK113,689257.04,1738530.34,46.49
DD21TRK114,689158.05,1738354.05,259.15
DD21TRK114,689168.66,1738364.66,233.17
DD21TRK114,689178.41,1738374.83,206.68
DD21TRK114,689188.14,1738385.01,180.19
DD21TRK114,689260.05,1738460.26,-15.56
DD21TRK115,689404.14,1737898.52,188.98
DD21TRK115,689480.51,1737974.89,1.92
DD21TRK116,689400.83,1738036.55,213.75
DD21TRK116,689418.50,1738054.23,170.45
DD21TRK116,689436.28,1738072.44,127.41
DD21TRK116,689453.74,1738090.65,84.24
DD21TRK116,689472.04,1738108.02,41.07
DD21TRK116,689489.72,1738126.32,-1.97
DD21TRK116,689504.39,1738142.21,-37.97
DD21TRK116,689507.17,1738145.35,-44.78
DD21TRK117,689650.67,1737933.21,197.94
DD21TRK117,689668.34,1737950.89,154.63
DD21TRK117,689686.44,1737969.15,111.75
DD21TRK117,689704.22,1737986.72,68.45
DD21TRK117,689721.88,1738005.17,25.46
DD21TRK117,689721.88,1738005.17,25.46
DD21TRK118,689473.82,1738106.61,240.97
DD21TRK118,689484.43,1738117.22,214.99
DD21TRK118,689495.38,1738127.99,189.22
DD21TRK118,689506.21,1738138.44,163.26
DD21TRK118,689517.43,1738149.05,137.55
DD21TRK118,689528.51,1738159.50,111.70
DD21TRK118,689539.89,1738170.48,86.20
DD21TRK118,689551.67,1738181.35,60.85
DD21TRK118,689551.67,1738181.35,60.85
DD21TRK119,689966.56,1737324.52,190.53
DD21TRK119,689977.16,1737313.91,164.55
DD21TRK119,689983.57,1737306.28,147.21
DD21TRK119,690000.16,1737287.78,103.82
DD21TRK119,690016.76,1737269.80,60.22
DD21TRK119,690033.48,1737251.93,16.62
DD21TRK119,690034.78,1737250.56,13.32
DD21TRK120,689406.14,1737895.52,188.58
DD21TRK120,689480.39,1737969.77,6.71
DD21TRK121,689335.20,1737975.44,202.15
DD21TRK121,689418.63,1738058.88,-2.23
DD21TRK122,689898.25,1737403.07,217.82
DD21TRK122,689908.86,1737392.47,191.84
DD21TRK122,689918.87,1737380.87,166.04
DD21TRK122,689928.96,1737369.54,140.17
DD21TRK122,689963.49,1737331.70,55.45
DD21TRK123,689337.20,1737972.44,201.15
DD21TRK123,689347.80,1737983.05,175.17
DD21TRK123,689358.55,1737993.63,149.23
DD21TRK123,689369.55,1738003.83,123.26
DD21TRK123,689379.84,1738013.87,96.92
DD21TRK123,689390.13,1738023.73,70.53
DD21TRK123,689400.40,1738033.88,44.23
DD21TRK123,689411.20,1738044.40,18.29
DD21TRK123,689421.60,1738054.44,-7.99
DD21TRK123,689440.12,1738072.90,-56.94
DD22TRK124,689328.58,1738109.21,237.18
DD22TRK124,689328.58,1738109.21,-53.32
DD22TRK125,689960.80,1737475.98,211.69
DD22TRK125,689971.40,1737465.37,185.71
DD22TRK125,689977.09,1737458.02,168.00
DD22TRK125,689991.91,1737440.24,123.68
DD22TRK125,690006.91,1737421.79,79.70
DD22TRK125,690022.14,1737403.65,35.67
DD22TRK125,690037.58,1737385.73,-8.39
DD22TRK125,690040.71,1737382.05,-17.14
DD22TRK126,689827.13,1737328.37,229.86
DD22TRK126,689837.73,1737317.76,203.88
DD22TRK126,689846.55,1737312.45,186.73
DD22TRK126,689868.35,1737298.63,143.91
DD22TRK126,689889.64,1737285.22,100.70
DD22TRK126,689909.96,1737272.28,56.89
DD22TRK126,689911.77,1737271.11,52.94
DD22TRK127,689754.34,1737254.64,259.62
DD22TRK127,689764.94,1737244.03,233.64
DD22TRK127,689772.70,1737238.77,215.97
DD22TRK127,689791.90,1737225.67,171.70
DD22TRK127,689811.37,1737213.51,127.28
DD22TRK127,689826.93,1737204.33,91.59
DD22TRK127,689830.84,1737202.24,82.29
DD22TRK128,689821.29,1737186.41,225.98
DD22TRK128,689831.90,1737175.80,200.00
DD22TRK128,689838.94,1737169.28,182.45
DD22TRK128,689856.73,1737152.85,138.71
DD22TRK128,689874.32,1737137.00,94.67
DD22TRK128,689887.22,1737126.06,64.03
DD22TRK128,689892.77,1737121.25,50.84
DD22TRK129,689898.10,1737121.42,196.88
DD22TRK129,689908.71,1737132.03,170.90
DD22TRK129,689915.47,1737138.89,153.37
DD22TRK129,689932.36,1737156.05,109.55
DD22TRK129,689948.85,1737173.13,65.55
DD22TRK129,689965.50,1737189.81,21.45
DD22TRK129,689971.89,1737196.63,3.21
DD22TRK130,691494.48,1737725.45,246.44
DD22TRK130,691494.48,1737725.45,-104.56
DD22TRK131,691312.03,1737679.97,267.71
DD22TRK131,691322.63,1737690.57,241.73
DD22TRK131,691333.20,1737700.80,215.58
DD22TRK131,691343.66,1737710.81,189.31
DD22TRK131,691353.95,1737720.57,162.87
DD22TRK131,691364.28,1737730.27,136.43
DD22TRK131,691374.65,1737740.01,110.02
DD22TRK131,691381.49,1737746.53,92.39
DD22TRK131,691381.49,1737746.53,92.39
DD22TRK132,691385.61,1737614.79,247.09
DD22TRK132,691385.61,1737614.79,136.09
DD22TRK133,691456.97,1737828.39,279.70
DD22TRK133,691456.97,1737828.39,-71.30
DD22TRK134,691386.00,1737618.87,247.19
DD22TRK134,691386.00,1737618.87,57.19
DD22TRK135,691442.47,1737396.96,266.42
DD22TRK135,691453.08,1737386.35,240.44
DD22TRK135,691463.60,1737375.72,214.43
DD22TRK135,691474.11,1737365.28,188.34
DD22TRK135,691484.53,1737355.26,162.05
DD22TRK135,691495.29,1737345.15,135.94
DD22TRK135,691516.97,1737324.80,83.83
DD22TRK135,691527.94,1737315.32,57.56
DD22TRK135,691527.94,1737315.32,57.56
DD22TRK136,691527.42,1737477.53,270.65
DD22TRK136,691555.88,1737505.99,200.93
DD22TRK137,691383.32,1737473.78,268.69
DD22TRK137,691393.93,1737484.39,242.70
DD22TRK137,691404.69,1737494.97,216.78
DD22TRK137,691415.25,1737505.49,190.74
DD22TRK137,691425.81,1737516.01,164.71
DD22TRK137,691436.31,1737526.47,138.63
DD22TRK137,691446.79,1737536.88,112.51
DD22TRK137,691454.02,1737543.79,95.19
DD22TRK137,691455.44,1737545.19,91.73
DD22TRK138,691526.44,1737477.79,270.70
DD22TRK138,691537.04,1737488.39,244.72
DD22TRK138,691547.24,1737498.38,218.33
DD22TRK138,691557.13,1737508.07,191.72
DD22TRK138,691566.98,1737517.48,164.99
DD22TRK138,691576.93,1737526.79,138.26
DD22TRK138,691583.70,1737532.83,120.44
DD22TRK138,691583.70,1737532.83,120.44
DD22TRK139,691449.17,1737521.88,236.12
DD22TRK139,691453.64,1737526.04,225.79
DD22TRK139,691460.34,1737532.29,210.29
DD22TRK139,691471.49,1737542.66,184.44
DD22TRK139,691481.05,1737551.38,162.47
DD22TRK140,691442.05,1737528.47,236.13
DD22TRK140,691452.65,1737539.08,210.15
DD22TRK140,691463.90,1737549.35,184.30
DD22TRK140,691471.45,1737556.03,167.03
DD22TRK140,691486.48,1737569.51,132.50
DD22TRK140,691498.05,1737579.19,106.57
DD22TRK140,691498.05,1737579.19,106.57
DD22TRK141,691525.70,1737615.77,249.27
DD22TRK141,691536.30,1737626.38,223.29
DD22TRK141,691547.12,1737637.54,197.63
DD22TRK141,691557.98,1737648.40,171.86
DD22TRK141,691568.67,1737659.43,146.09
DD22TRK141,691589.91,1737681.50,94.50
DD22TRK141,691600.58,1737692.55,68.73
DD22TRK141,691607.50,1737700.02,51.51
DD22TRK141,691610.98,1737703.76,42.92
DD22TRK141,691621.37,1737714.95,17.09
DD22TRK141,691631.77,1737726.13,-8.73
DD22TRK141,691631.77,1737726.13,-8.73
DD22TRK142,691666.63,1737757.12,223.04
DD22TRK142,691666.63,1737757.12,23.04
DD22TRK143,691249.89,1737610.72,277.44
DD22TRK143,691260.49,1737621.33,251.45
DD22TRK143,691270.96,1737631.69,225.32
DD22TRK143,691281.49,1737642.11,199.23
DD22TRK143,691291.52,1737652.71,173.02
DD22TRK143,691301.21,1737663.43,146.73
MR19TRK001,689048.70,1738677.75,212.71
MR19TRK001,689048.70,1738677.75,12.71
MR19TRK002,689333.57,1738384.37,216.71
MR19TRK002,689333.57,1738384.37,-28.29
MR19TRK003,688482.87,1736976.02,253.87
MR19TRK003,688482.87,1736976.02,53.87
MR19TRK004,688772.67,1737262.41,256.75
MR19TRK004,688772.67,1737262.41,56.75
MR19TRK005,688619.58,1737388.83,204.56
MR19TRK005,688619.58,1737388.83,4.56
MR19TRK006,689619.12,1738106.43,208.00
MR19TRK006,689619.12,1738106.43,8.00
MR19TRK007,689037.40,1738119.78,217.68
MR19TRK007,689037.40,1738119.78,5.68
MR19TRK008,688756.43,1736683.76,250.29
MR19TRK008,688756.43,1736683.76,50.29
MR19TRK009,689032.00,1736981.56,220.90
MR19TRK009,689032.00,1736981.56,20.90
MR19TRK010,689335.20,1737823.97,186.93
MR19TRK010,689335.20,1737823.97,-13.07
MR19TRK011,688202.79,1737258.76,266.87
MR19TRK011,688202.79,1737258.76,66.87
MR19TRK012,689341.32,1737260.62,197.06
MR19TRK012,689341.32,1737260.62,-8.94
MR19TRK013,688896.58,1737677.97,266.24
MR19TRK013,688896.58,1737677.97,66.24
MR19TRK014,689047.93,1736400.86,327.32
MR19TRK014,689047.93,1736400.86,156.32
MR19TRK015,689330.42,1736685.94,240.23
MR19TRK015,689330.42,1736685.94,40.23
MR19TRK016,689057.97,1737534.62,234.36
MR19TRK016,689057.97,1737534.62,34.36
MR19TRK017,689613.88,1737540.68,242.75
MR19TRK017,689613.88,1737540.68,42.75
MR19TRK018,689897.35,1737821.06,188.26
MR19TRK018,689897.35,1737821.06,-11.74
MR19TRK019,690177.49,1737540.05,194.76
MR19TRK019,690177.49,1737540.05,-5.24
MR19TRK020,690178.68,1736971.19,276.86
MR19TRK020,690178.68,1736971.19,76.86
MR19TRK021,690458.95,1737261.27,209.32
MR19TRK021,690458.95,1737261.27,9.32
MR19TRK022,689894.77,1737262.65,224.51
MR19TRK022,689894.77,1737262.65,34.51
MR19TRK023,690745.13,1736969.67,260.40
MR19TRK023,690745.13,1736969.67,60.40
MR19TRK024,691030.51,1736704.25,291.01
MR19TRK024,691030.51,1736704.25,91.01
MR19TRK025,689320.05,1736123.44,371.63
MR19TRK025,689320.05,1736123.44,311.63
MR19TRK026,689897.19,1737262.96,224.43
MR19TRK026,689897.19,1737262.96,24.43
MR19TRK027,690745.93,1736401.70,399.06
MR19TRK027,690745.93,1736401.70,199.06
MR19TRK028,690463.50,1736693.35,277.95
MR19TRK028,690463.50,1736693.35,77.95
MR19TRK029,691595.25,1737820.45,208.37
MR19TRK029,691595.25,1737820.45,-45.63
MR19TRK030,689897.07,1736696.84,232.92
MR19TRK030,689897.07,1736696.84,32.92
MR19TRK031,691306.89,1736983.63,316.44
MR19TRK031,691306.89,1736983.63,116.44
MR19TRK032,691312.21,1737541.76,295.77
MR19TRK032,691312.21,1737541.76,74.77
MR19TRK033,690189.40,1736416.60,357.94
MR19TRK033,690189.40,1736416.60,157.94
MR19TRK034,689610.53,1736977.37,285.60
MR19TRK034,689610.53,1736977.37,85.60
MR20TRK035,687917.32,1736415.38,214.05
MR20TRK035,687917.32,1736415.38,14.05
MR20TRK036,687913.83,1735850.84,222.66
MR20TRK036,687913.83,1735850.84,78.66
MR20TRK037,691591.66,1737258.79,321.80
MR20TRK037,691591.66,1737258.79,121.80
MR20TRK038,691023.85,1737254.30,246.74
MR20TRK038,691023.85,1737254.30,46.74
MR20TRK039,691033.53,1737829.48,259.40
MR20TRK039,691033.53,1737829.48,59.40
MR20TRK040,688198.97,1736132.78,304.70
MR20TRK040,688198.97,1736132.78,104.70
MR20TRK041,687635.49,1736131.50,279.47
MR20TRK041,687635.49,1736131.50,79.47
MR20TRK042,688195.08,1735561.95,258.92
MR20TRK042,688195.08,1735561.95,58.92
MR20TRK043,687353.14,1735848.18,264.32
MR20TRK043,687353.14,1735848.18,64.32
MR20TRK044,688478.21,1735850.65,380.57
MR20TRK044,688478.21,1735850.65,299.57
MR20TRK045,687615.87,1735570.76,251.21
MR20TRK045,687615.87,1735570.76,51.21
MR20TRK046,688480.39,1735847.75,379.90
MR20TRK046,688480.39,1735847.75,179.90
MR20TRK047,688487.01,1735290.28,353.04
MR20TRK047,688487.01,1735290.28,153.04
MR20TRK048,687907.59,1735854.54,222.22
MR20TRK048,687907.59,1735854.54,43.22
MR20TRK049,688196.41,1735002.92,317.26
MR20TRK049,688196.41,1735002.92,117.26
MR20TRK050,689046.89,1735288.20,367.40
MR20TRK050,689046.89,1735288.20,167.40
MR20TRK051,688472.77,1734723.07,347.42
MR20TRK051,688472.77,1734723.07,147.42
MR20TRK052,687066.92,1735557.95,262.76
MR20TRK052,687066.92,1735557.95,62.76
MR20TRK053,688765.74,1735005.05,407.10
MR20TRK053,688765.74,1735005.05,207.10
MR20TRK054,688763.14,1735568.28,459.97
MR20TRK054,688763.14,1735568.28,259.97
MR20TRK055,689188.73,1738534.20,196.05
MR20TRK055,689188.73,1738534.20,-3.95
MR20TRK056,689187.06,1738814.60,194.37
MR20TRK056,689187.06,1738814.60,-5.63
MR20TRK057,688903.95,1738249.29,250.76
MR20TRK057,688903.95,1738249.29,50.76
MR20TRK058,689477.24,1738255.68,243.97
MR20TRK058,689477.24,1738255.68,43.97
MR20TRK059,689753.62,1737967.27,218.53
MR20TRK059,689753.62,1737967.27,-2.47
MR20TRK060,689188.38,1737682.51,193.28
MR20TRK060,689188.38,1737682.51,-6.72
MR20TRK061,689191.19,1737967.37,207.18
MR20TRK061,689191.19,1737967.37,7.18
MR20TRK062,689047.45,1737823.03,234.53
MR20TRK062,689047.45,1737823.03,34.53
MR20TRK063,688764.18,1737541.69,241.97
MR20TRK063,688764.18,1737541.69,41.97
MR20TRK064,688905.21,1737966.71,213.22
MR20TRK064,688905.21,1737966.71,13.22
MR20TRK065,690319.15,1737399.98,216.52
MR20TRK065,690319.15,1737399.98,16.52
MR20TRK066,690037.68,1737684.41,196.41
MR20TRK066,690037.68,1737684.41,-3.59
MR20TRK067,690598.61,1737394.85,222.98
MR20TRK067,690598.61,1737394.85,22.98
MR20TRK068,690599.69,1737117.22,195.04
MR20TRK068,690599.69,1737117.22,45.04
MR20TRK069,690744.40,1737257.35,213.39
MR20TRK069,690744.40,1737257.35,13.39
MR20TRK070,690886.68,1737117.01,217.52
MR20TRK070,690886.68,1737117.01,67.52
MR20TRK071,691734.62,1737965.89,188.38
MR20TRK071,691734.62,1737965.89,-11.62
MR20TRK072,690887.63,1737400.64,218.48
MR20TRK072,690887.63,1737400.64,18.48
MR20TRK073,691313.46,1737826.41,225.66
MR20TRK073,691313.46,1737826.41,25.66
MR20TRK074,691591.86,1737541.61,285.12
MR20TRK074,691591.86,1737541.61,85.12
MR20TRK075,691449.68,1737965.80,247.69
MR20TRK075,691449.68,1737965.80,47.69
MR20TRK076,691733.28,1737683.80,236.86
MR20TRK076,691733.28,1737683.80,36.86
MR20TRK077,691167.74,1737685.25,294.24
MR20TRK077,691167.74,1737685.25,94.24
MR20TRK078,690038.65,1737119.19,219.61
MR20TRK078,690038.65,1737119.19,19.61
MR20TRK079,691167.96,1737401.15,281.89
MR20TRK079,691167.96,1737401.15,69.89
MR20TRK080,691874.95,1737824.04,214.70
MR20TRK080,691874.95,1737824.04,14.70
